merchant_id,name_en,name_ar,category,in_directory,descriptor_patterns,amount_mean,amount_std,recurrence,aggregator,cities
M0001,Dmm Mall 19,مول الدمام 19,shopping,False,"[""DM1"", ""DMM MALL 19"", ""DMMMALL19"", ""DMM_MALL_19""]",580.66,348.4,none,,"[""KHOBAR"", ""MAD"", ""QASSIM""]"
M0002,Njran Store 28,متجر نجران 28,shopping,False,"[""NJRAN STORE 28"", ""NJRANSTORE28"", ""NJRAN_STORE_28"", ""NS2""]",436.27,261.76,none,,"[""HAIL"", ""TABUK"", ""TIF""]"
M0003,Mak Mart,تموينات مكة,groceries,True,"[""MAK MART"", ""MAKMART"", ""MAK_MART"", ""MM""]",209.27,104.64,none,,"[""MAD"", ""MAK"", ""RYD""]"
M0004,Amazon.sa,أمازون,shopping,True,"[""AMZN"", ""AMZN MKTP"", ""AMAZON.SA""]",598.67,359.2,none,,"[""DMM"", ""JED"", ""KHOBAR"", ""MAD""]"
M0005,Abha Taxi Service,تاكسي أبها,transport,False,"[""ABHA TAXI SERVICE"", ""ABHATAXISERVICE"", ""ABHA_TAXI_SERVICE"", ""ATS""]",41.23,18.55,none,,"[""MAD"", ""NJRAN""]"
M0006,Tif Medical Center,مركز طبي الطائف,health,True,"[""SP*TIFMEDIC"", ""TIF MEDICAL CENTER"", ""TIFMEDICALCENTER"", ""TIF_MEDICAL_CENTER"", ""TMC""]",403.7,201.85,none,,"[""DMM"", ""JED"", ""MAD"", ""MAK""]"
M0007,Tif Store,محل بقالة الطائف,groceries,True,"[""TIF STORE"", ""TIFSTORE"", ""TIF_STORE"", ""TS""]",81.39,40.7,none,,"[""DMM"", ""KHOBAR"", ""MAD"", ""RYD""]"
M0008,Ryd Game Zone,صالة ألعاب الرياض,entertainment,True,"[""RGZ"", ""RYD GAME ZONE"", ""RYDGAMEZONE"", ""RYD_GAME_ZONE"", ""SP*RYDGAMEZ""]",59.52,17.86,none,,"[""DMM"", ""JED"", ""MAD"", ""MAK"", ""RYD""]"
M0009,Khobar Utility Co,مرافق الخبر,bills,True,"[""KHOBAR UTILITY CO"", ""KHOBARUTILITYCO"", ""KHOBAR_UTILITY_CO"", ""KUC"", ""SP*KHOBARUT""]",304.9,106.71,monthly,,"[""DMM"", ""KHOBAR"", ""MAD"", ""MAK"", ""RYD""]"
M0010,Tabuk Bistro,بيسترو تبوك,food,False,"[""TABUK BISTRO"", ""TABUKBISTRO"", ""TABUK_BISTRO"", ""TB""]",81.15,32.46,none,,"[""HAIL"", ""YANBU""]"
M0011,Ryd Restaurant 49,مطعم الرياض 49,food,True,"[""RR4"", ""RYD RESTAURANT 49"", ""RYDRESTAURANT49"", ""RYD_RESTAURANT_49""]",20.75,8.3,none,,"[""DMM"", ""KHOBAR"", ""MAK"", ""RYD""]"
M0012,Sary,ساري,groceries,True,"[""SARY"", ""SP*SARY""]",265.55,132.78,none,,"[""HAIL"", ""JIZAN"", ""NJRAN""]"
M0013,Hail Government Office,مكتب حكومي حائل,government,True,"[""HAIL GOVERNMENT OFFICE"", ""HAILGOVERNMENTOFFICE"", ""HAIL_GOVERNMENT_OFFICE"", ""HGO"", ""SP*HAILGOVE""]",290.69,174.41,none,,"[""MAK""]"
M0014,Manuel Market,مانويل ماركت,groceries,True,"[""MANUEL MARKET"", ""MANUELMARKET"", ""MANUEL_MARKET"", ""MM""]",304.66,152.33,none,,"[""DMM"", ""JED"", ""MAD"", ""MAK"", ""RYD""]"
M0015,Little Caesars,ليتل سيزر,food,True,"[""LC"", ""LITTLE CAESARS"", ""LITTLECAESARS"", ""LITTLE_CAESARS""]",69.79,27.92,none,,"[""DMM"", ""JED"", ""KHOBAR"", ""RYD""]"
M0016,Mak Mall 78,مول مكة 78,shopping,False,"[""MAK MALL 78"", ""MAKMALL78"", ""MAK_MALL_78"", ""MM7""]",448.86,269.32,none,,"[""HAIL"", ""MAD"", ""RYD""]"
M0017,Tif Pharmacy,صيدلية الطائف,health,True,"[""TIF PHARMACY"", ""TIFPHARMACY"", ""TIF_PHARMACY"", ""TP""]",361.27,180.63,none,,"[""DMM"", ""JED"", ""KHOBAR"", ""MAD"", ""MAK""]"
M0018,Abha Pharmacy 35,صيدلية أبها 35,health,True,"[""ABHA PHARMACY 35"", ""ABHAPHARMACY35"", ""ABHA_PHARMACY_35"", ""AP3""]",140.63,70.31,none,,"[""DMM"", ""KHOBAR"", ""MAD"", ""RYD""]"
M0019,Ryd Cinema 75,سينما الرياض 75,entertainment,False,"[""RC7"", ""RYD CINEMA 75"", ""RYDCINEMA75"", ""RYD_CINEMA_75"", ""SP*RYDCINEM""]",38.93,11.68,none,,"[""HAIL""]"
M0020,Njran Cafe,مقهى نجران,food,True,"[""NC"", ""NJRAN CAFE"", ""NJRANCAFE"", ""NJRAN_CAFE""]",20.65,8.26,none,MRSOOL,"[""JED"", ""KHOBAR"", ""TIF""]"
M0021,Qassim Club,نادي القصيم,entertainment,True,"[""QASSIM CLUB"", ""QASSIMCLUB"", ""QASSIM_CLUB"", ""QC""]",79.56,23.87,none,,"[""DMM"", ""JED"", ""KHOBAR"", ""MAD"", ""MAK"", ""RYD""]"
M0022,Muvi Cinemas,موفي سينما,entertainment,True,"[""MC"", ""MUVI CINEMAS"", ""MUVICINEMAS"", ""MUVI_CINEMAS"", ""SP*MUVICINE""]",31.05,9.31,none,,"[""HAIL"", ""TABUK""]"
M0023,Hail Club,نادي حائل,entertainment,True,"[""HAIL CLUB"", ""HAILCLUB"", ""HAIL_CLUB"", ""HC"", ""SP*HAILCLUB""]",31.34,9.4,none,,"[""DMM"", ""KHOBAR"", ""MAK"", ""RYD""]"
M0024,Saudia,السعودية,travel,True,"[""SAUDIA"", ""SAUDIA AIRLINES""]",1200,500,none,,"[""JED"", ""MAD"", ""RYD""]"
M0025,Tif Store 25,متجر الطائف 25,shopping,False,"[""SP*TIFSTORE"", ""TIF STORE 25"", ""TIFSTORE25"", ""TIF_STORE_25"", ""TS2""]",336.57,201.94,none,,"[""ABHA"", ""MAK"", ""TABUK""]"
M0026,Tif Store 19,متجر الطائف 19,shopping,True,"[""SP*TIFSTORE"", ""TIF STORE 19"", ""TIFSTORE19"", ""TIF_STORE_19"", ""TS1""]",231.78,139.07,none,,"[""DMM"", ""JED"", ""KHOBAR"", ""MAK"", ""RYD""]"
M0027,Tabuk Training Center,مركز تدريب تبوك,education,False,"[""TABUK TRAINING CENTER"", ""TABUKTRAININGCENTER"", ""TABUK_TRAINING_CENTER"", ""TTC""]",1818.79,909.39,none,,"[""MAD"", ""RYD"", ""TIF""]"
M0028,Jizan Medical Center,مركز طبي جازان,health,True,"[""JIZAN MEDICAL CENTER"", ""JIZANMEDICALCENTER"", ""JIZAN_MEDICAL_CENTER"", ""JMC"", ""SP*JIZANMED""]",358.31,179.16,none,,"[""DMM"", ""JED"", ""RYD""]"
M0029,Hail Eatery,مطعم صغير حائل,food,False,"[""HAIL EATERY"", ""HAILEATERY"", ""HAIL_EATERY"", ""HE""]",49.26,19.7,none,,"[""JED"", ""MAK""]"
M0030,Tabuk Supermarket,سوبر ماركت تبوك,groceries,True,"[""TABUK SUPERMARKET"", ""TABUKSUPERMARKET"", ""TABUK_SUPERMARKET"", ""TS""]",347.28,173.64,none,,"[""DMM"", ""JED"", ""KHOBAR"", ""MAD"", ""MAK""]"
M0031,United Pharmacy,الصيدلية المتحدة,health,True,"[""SP*UNITEDPH"", ""UNITED PHARMACY"", ""UNITEDPHARMACY"", ""UNITED_PHARMACY"", ""UP""]",113.73,56.87,none,,"[""KHOBAR"", ""YANBU""]"
M0032,Jizan Outlet,آوتلت جازان,shopping,True,"[""JIZAN OUTLET"", ""JIZANOUTLET"", ""JIZAN_OUTLET"", ""JO""]",528.97,317.38,none,,"[""DMM"", ""JED"", ""KHOBAR"", ""MAD"", ""MAK"", ""RYD""]"
M0033,Jizan Mall,مول جازان,shopping,False,"[""JIZAN MALL"", ""JIZANMALL"", ""JIZAN_MALL"", ""JM"", ""SP*JIZANMAL""]",500.11,300.07,none,,"[""ABHA"", ""TIF""]"
M0034,Hail Cafe,مقهى حائل,food,False,"[""HAIL CAFE"", ""HAILCAFE"", ""HAIL_CAFE"", ""HC""]",61.17,24.47,none,,"[""ABHA"", ""KHOBAR"", ""MAK""]"
M0035,Dmm Foundation,مؤسسة الدمام,charity,False,"[""DF"", ""DMM FOUNDATION"", ""DMMFOUNDATION"", ""DMM_FOUNDATION""]",195.88,117.53,none,,"[""ABHA"", ""QASSIM""]"
M0036,Wingstop,وينج ستوب,food,True,"[""WINGSTOP""]",21.15,8.46,none,,"[""DMM"", ""JED"", ""KHOBAR"", ""MAD"", ""MAK""]"
M0037,Abha Mall,مول أبها,shopping,True,"[""ABHA MALL"", ""ABHAMALL"", ""ABHA_MALL"", ""AM"", ""SP*ABHAMALL""]",321.15,192.69,none,,"[""JED"", ""KHOBAR"", ""MAD"", ""MAK"", ""RYD""]"
M0038,Tif Travel Agency,وكالة سفريات الطائف,travel,True,"[""SP*TIFTRAVE"", ""TIF TRAVEL AGENCY"", ""TIFTRAVELAGENCY"", ""TIF_TRAVEL_AGENCY"", ""TTA""]",1485.99,743.0,none,,"[""MAD"", ""RYD"", ""TIF""]"
M0039,Aldrees,الدريس,transport,True,"[""ALDREES"", ""AL DREES STATION""]",191.71,86.27,none,,"[""YANBU""]"
M0040,Mad Grill,مشوي المدينة,food,True,"[""MAD GRILL"", ""MADGRILL"", ""MAD_GRILL"", ""MG"", ""SP*MADGRILL""]",58.71,23.48,none,,"[""DMM"", ""HAIL"", ""TIF""]"
M0041,Jed Charity,جمعية خيرية جدة,charity,False,"[""JC"", ""JED CHARITY"", ""JEDCHARITY"", ""JED_CHARITY"", ""SP*JEDCHARI""]",235.57,141.34,none,,"[""ABHA"", ""HAIL"", ""QASSIM""]"
M0042,Dmm Eatery 70,مطعم صغير الدمام 70,food,False,"[""DE7"", ""DMM EATERY 70"", ""DMMEATERY70"", ""DMM_EATERY_70""]",52.52,21.01,none,,"[""TIF""]"
M0043,Yanbu Travel Agency,وكالة سفريات ينبع,travel,True,"[""SP*YANBUTRA"", ""YANBU TRAVEL AGENCY"", ""YANBUTRAVELAGENCY"", ""YANBU_TRAVEL_AGENCY"", ""YTA""]",1844.24,922.12,none,,"[""MAK"", ""TABUK""]"
M0044,Abha Boutique 31,بوتيك أبها 31,shopping,True,"[""AB3"", ""ABHA BOUTIQUE 31"", ""ABHABOUTIQUE31"", ""ABHA_BOUTIQUE_31"", ""SP*ABHABOUT""]",527.69,316.61,none,,"[""DMM"", ""JED"", ""KHOBAR"", ""MAK"", ""RYD""]"
M0045,Al Baik,البيك,food,True,"[""ALBAIK"", ""AL BAIK"", ""BAIK"", ""البيك""]",45,18,none,,"[""TABUK""]"
M0046,Rehlati,رحلتي,travel,False,"[""REHLATI"", ""SP*REHLATI""]",2672.81,1336.4,none,,"[""JED""]"
M0047,Yanbu Telecom,اتصالات ينبع,telecom,True,"[""YANBU TELECOM"", ""YANBUTELECOM"", ""YANBU_TELECOM"", ""YT""]",130.88,39.26,monthly,,"[""JED""]"
M0048,Njran Foundation,مؤسسة نجران,charity,False,"[""NF"", ""NJRAN FOUNDATION"", ""NJRANFOUNDATION"", ""NJRAN_FOUNDATION""]",126.98,76.19,none,,"[""HAIL"", ""TIF""]"
M0049,Tamimi,التميمي,groceries,True,"[""TAMIMI"", ""TAMIMI MARKETS""]",244.14,122.07,none,,"[""JED"", ""KHOBAR"", ""MAD"", ""MAK""]"
M0050,Ryd Mart,تموينات الرياض,groceries,True,"[""RM"", ""RYD MART"", ""RYDMART"", ""RYD_MART"", ""SP*RYDMART""]",200.43,100.22,none,,"[""JIZAN"", ""YANBU""]"
M0051,Panda,بنده,groceries,True,"[""PANDA"", ""PANDA HYPER"", ""بنده""]",115.76,57.88,none,,"[""DMM"", ""JED"", ""MAD"", ""RYD""]"
M0052,Tif Diner 88,مطعم شعبي الطائف 88,food,True,"[""TD8"", ""TIF DINER 88"", ""TIFDINER88"", ""TIF_DINER_88""]",74.19,29.68,none,JAHEZ,"[""JED"", ""YANBU""]"
M0053,Dmm Charity,جمعية خيرية الدمام,charity,True,"[""DC"", ""DMM CHARITY"", ""DMMCHARITY"", ""DMM_CHARITY""]",255.42,153.25,none,,"[""DMM"", ""JED"", ""KHOBAR"", ""MAD"", ""MAK"", ""RYD""]"
M0054,Jizan Travel Agency,وكالة سفريات جازان,travel,True,"[""JIZAN TRAVEL AGENCY"", ""JIZANTRAVELAGENCY"", ""JIZAN_TRAVEL_AGENCY"", ""JTA""]",1959.28,979.64,none,,"[""JED"", ""MAK"", ""RYD""]"
M0055,Abha Diner,مطعم شعبي أبها,food,False,"[""ABHA DINER"", ""ABHADINER"", ""ABHA_DINER"", ""AD""]",22.69,9.08,none,,"[""JED"", ""NJRAN""]"
M0056,Njran Kitchen,مطبخ نجران,food,False,"[""NJRAN KITCHEN"", ""NJRANKITCHEN"", ""NJRAN_KITCHEN"", ""NK""]",38.67,15.47,none,,"[""ABHA"", ""MAD"", ""RYD""]"
M0057,Qassim Supermarket 71,سوبر ماركت القصيم 71,groceries,True,"[""QASSIM SUPERMARKET 71"", ""QASSIMSUPERMARKET71"", ""QASSIM_SUPERMARKET_71"", ""QS7""]",283.88,141.94,none,,"[""ABHA"", ""MAD"", ""TABUK""]"
M0058,OSN,او اس ان,entertainment,True,"[""OSN"", ""SP*OSN""]",72.52,21.76,monthly,,"[""MAD""]"
M0059,Qassim Parking 61,موقف سيارات القصيم 61,transport,True,"[""QASSIM PARKING 61"", ""QASSIMPARKING61"", ""QASSIM_PARKING_61"", ""QP6""]",216.64,97.49,none,,"[""KHOBAR""]"
M0060,Mad Club,نادي المدينة,entertainment,True,"[""MAD CLUB"", ""MADCLUB"", ""MAD_CLUB"", ""MC"", ""SP*MADCLUB""]",78.68,23.6,none,,"[""JED"", ""KHOBAR"", ""MAK""]"
M0061,Mak Training Center,مركز تدريب مكة,education,True,"[""MAK TRAINING CENTER"", ""MAKTRAININGCENTER"", ""MAK_TRAINING_CENTER"", ""MTC""]",2172.05,1086.03,none,,"[""DMM"", ""JED"", ""MAD"", ""MAK"", ""RYD""]"
M0062,Mad Supermarket,سوبر ماركت المدينة,groceries,True,"[""MAD SUPERMARKET"", ""MADSUPERMARKET"", ""MAD_SUPERMARKET"", ""MS""]",77.16,38.58,none,,"[""QASSIM""]"
M0063,Mad Boutique 92,بوتيك المدينة 92,shopping,True,"[""MAD BOUTIQUE 92"", ""MADBOUTIQUE92"", ""MAD_BOUTIQUE_92"", ""MB9""]",603.48,362.09,none,,"[""JIZAN""]"
M0064,Mad Telecom,اتصالات المدينة,telecom,True,"[""MAD TELECOM"", ""MADTELECOM"", ""MAD_TELECOM"", ""MT""]",90.54,27.16,monthly,,"[""JED"", ""MAD"", ""MAK"", ""RYD""]"
M0065,Njran Clinic 62,عيادة نجران 62,health,True,"[""NC6"", ""NJRAN CLINIC 62"", ""NJRANCLINIC62"", ""NJRAN_CLINIC_62"", ""SP*NJRANCLI""]",307.64,153.82,none,,"[""DMM"", ""KHOBAR"", ""MAK"", ""RYD""]"
M0066,Tabuk Mall 23,مول تبوك 23,shopping,True,"[""SP*TABUKMAL"", ""TABUK MALL 23"", ""TABUKMALL23"", ""TABUK_MALL_23"", ""TM2""]",510.59,306.35,none,,"[""JED"", ""MAK"", ""RYD""]"
M0067,Noon,نون,shopping,True,"[""NOON"", ""NOON.COM""]",682.01,409.21,none,,"[""HAIL"", ""JED"", ""MAD""]"
M0068,Jizan Training Center 84,مركز تدريب جازان 84,education,True,"[""JIZAN TRAINING CENTER 84"", ""JIZANTRAININGCENTER84"", ""JIZAN_TRAINING_CENTER_84"", ""JTC8""]",1532.71,766.36,none,,"[""DMM"", ""JED"", ""KHOBAR"", ""MAK""]"
M0069,Yanbu Store,محل بقالة ينبع,groceries,False,"[""YANBU STORE"", ""YANBUSTORE"", ""YANBU_STORE"", ""YS""]",114.03,57.02,none,,"[""RYD"", ""YANBU""]"
M0070,Jizan Clinic,عيادة جازان,health,False,"[""JC"", ""JIZAN CLINIC"", ""JIZANCLINIC"", ""JIZAN_CLINIC""]",401.51,200.75,none,,"[""KHOBAR"", ""QASSIM""]"
M0071,Khobar Restaurant,مطعم الخبر,food,True,"[""KHOBAR RESTAURANT"", ""KHOBARRESTAURANT"", ""KHOBAR_RESTAURANT"", ""KR"", ""SP*KHOBARRE""]",43.11,17.24,none,,"[""DMM"", ""JED"", ""KHOBAR"", ""RYD""]"
M0072,Hail Game Zone,صالة ألعاب حائل,entertainment,True,"[""HAIL GAME ZONE"", ""HAILGAMEZONE"", ""HAIL_GAME_ZONE"", ""HGZ""]",49.47,14.84,none,,"[""DMM"", ""JED"", ""KHOBAR"", ""MAD"", ""MAK"", ""RYD""]"
M0073,Mad Fuel Station,محطة وقود المدينة,transport,False,"[""MAD FUEL STATION"", ""MADFUELSTATION"", ""MAD_FUEL_STATION"", ""MFS""]",100.31,45.14,none,,"[""ABHA"", ""QASSIM"", ""YANBU""]"
M0074,Salloum Restaurant,مطعم سلوم,food,True,"[""SALLOUM RESTAURANT"", ""SALLOUMRESTAURANT"", ""SALLOUM_RESTAURANT"", ""SR""]",70.24,28.1,none,,"[""MAD"", ""MAK"", ""NJRAN""]"
M0075,Khobar Supermarket,سوبر ماركت الخبر,groceries,False,"[""KHOBAR SUPERMARKET"", ""KHOBARSUPERMARKET"", ""KHOBAR_SUPERMARKET"", ""KS""]",97.92,48.96,none,,"[""JED"", ""KHOBAR"", ""MAK""]"
M0076,Khobar Mall,مول الخبر,shopping,False,"[""KHOBAR MALL"", ""KHOBARMALL"", ""KHOBAR_MALL"", ""KM""]",336.38,201.83,none,,"[""JED"", ""TABUK"", ""TIF""]"
M0077,Tif Tours,رحلات الطائف,travel,True,"[""TIF TOURS"", ""TIFTOURS"", ""TIF_TOURS"", ""TT""]",954.03,477.01,none,,"[""JIZAN"", ""NJRAN"", ""QASSIM""]"
M0078,Al Hokair Fashion Group,الحكير للأزياء,shopping,True,"[""AHFG"", ""AL HOKAIR FASHION GROUP"", ""ALHOKAIRFASHIONGROUP"", ""AL_HOKAIR_FASHION_GROUP""]",668.77,401.26,none,,"[""JIZAN"", ""RYD""]"
M0079,Dmm Utility Co,مرافق الدمام,bills,True,"[""DMM UTILITY CO"", ""DMMUTILITYCO"", ""DMM_UTILITY_CO"", ""DUC""]",384.03,134.41,monthly,,"[""DMM"", ""KHOBAR"", ""MAD""]"
M0080,Baladi,بلدي,government,True,"[""BALADI""]",143.93,86.36,none,,"[""ABHA"", ""JED"", ""RYD""]"
M0081,Khobar Grill,مشوي الخبر,food,True,"[""KG"", ""KHOBAR GRILL"", ""KHOBARGRILL"", ""KHOBAR_GRILL""]",35.63,14.25,none,,"[""DMM"", ""KHOBAR"", ""MAD"", ""MAK"", ""RYD""]"
M0082,Yanbu Game Zone,صالة ألعاب ينبع,entertainment,True,"[""YANBU GAME ZONE"", ""YANBUGAMEZONE"", ""YANBU_GAME_ZONE"", ""YGZ""]",79.79,23.94,none,,"[""DMM""]"
M0083,Al Dawaa,الدواء,health,True,"[""AL DAWAA"", ""DAWAA""]",166.15,83.08,none,,"[""DMM"", ""JED"", ""KHOBAR"", ""MAK"", ""RYD""]"
M0084,Mak Tours 44,رحلات مكة 44,travel,False,"[""MAK TOURS 44"", ""MAKTOURS44"", ""MAK_TOURS_44"", ""MT4""]",1849.39,924.7,none,,"[""ABHA"", ""JIZAN"", ""KHOBAR""]"
M0085,Tabuk Utility Co,مرافق تبوك,bills,True,"[""TABUK UTILITY CO"", ""TABUKUTILITYCO"", ""TABUK_UTILITY_CO"", ""TUC""]",133.35,46.67,monthly,,"[""MAD"", ""QASSIM""]"
M0086,Lulu Hypermarket,لولو هايبرماركت,groceries,True,"[""LH"", ""LULU HYPERMARKET"", ""LULUHYPERMARKET"", ""LULU_HYPERMARKET""]",251.41,125.7,none,,"[""DMM"", ""KHOBAR"", ""MAK""]"
M0087,Hail Fuel Station,محطة وقود حائل,transport,False,"[""HAIL FUEL STATION"", ""HAILFUELSTATION"", ""HAIL_FUEL_STATION"", ""HFS"", ""SP*HAILFUEL""]",192.48,86.62,none,,"[""MAK"", ""RYD"", ""YANBU""]"
M0088,Shein,شي إن,shopping,True,"[""SHEIN""]",571.92,343.15,none,,"[""DMM"", ""JED"", ""KHOBAR"", ""MAK"", ""RYD""]"
M0089,Abha Gas Station,محطة بنزين أبها,transport,True,"[""ABHA GAS STATION"", ""ABHAGASSTATION"", ""ABHA_GAS_STATION"", ""AGS""]",175.79,79.11,none,,"[""DMM"", ""JED"", ""KHOBAR"", ""MAD"", ""MAK""]"
M0090,Yanbu Outlet 64,آوتلت ينبع 64,shopping,True,"[""YANBU OUTLET 64"", ""YANBUOUTLET64"", ""YANBU_OUTLET_64"", ""YO6""]",464.74,278.84,none,,"[""KHOBAR"", ""MAK"", ""RYD""]"
M0091,Coursera,كورسيرا,education,False,"[""COURSERA""]",2001.4,1000.7,monthly,,"[""MAK"", ""NJRAN"", ""TIF""]"
M0092,Tif Cafe,مقهى الطائف,food,True,"[""SP*TIFCAFE"", ""TC"", ""TIF CAFE"", ""TIFCAFE"", ""TIF_CAFE""]",89.63,35.85,none,,"[""DMM"", ""JED"", ""KHOBAR"", ""MAD"", ""MAK""]"
M0093,Yanbu Eatery,مطعم صغير ينبع,food,True,"[""SP*YANBUEAT"", ""YANBU EATERY"", ""YANBUEATERY"", ""YANBU_EATERY"", ""YE""]",74.08,29.63,none,TOYOU,"[""ABHA"", ""DMM"", ""HAIL""]"
M0094,Njran Utility Co,مرافق نجران,bills,True,"[""NJRAN UTILITY CO"", ""NJRANUTILITYCO"", ""NJRAN_UTILITY_CO"", ""NUC""]",83.43,29.2,monthly,,"[""TABUK""]"
M0095,Ryd Club,نادي الرياض,entertainment,True,"[""RC"", ""RYD CLUB"", ""RYDCLUB"", ""RYD_CLUB"", ""SP*RYDCLUB""]",62.18,18.65,none,,"[""JED"", ""JIZAN"", ""YANBU""]"
M0096,Jizan Eatery,مطعم صغير جازان,food,True,"[""JE"", ""JIZAN EATERY"", ""JIZANEATERY"", ""JIZAN_EATERY""]",78.88,31.55,none,,"[""KHOBAR"", ""MAD"", ""MAK""]"
M0097,Abha Shop,محل أبها,shopping,True,"[""ABHA SHOP"", ""ABHASHOP"", ""ABHA_SHOP"", ""AS""]",261.33,156.8,none,,"[""JED"", ""KHOBAR"", ""MAD"", ""MAK"", ""RYD""]"
M0098,Mak Bakery,مخبز مكة,food,False,"[""MAK BAKERY"", ""MAKBAKERY"", ""MAK_BAKERY"", ""MB""]",73.83,29.53,none,MRSOOL,"[""MAD"", ""NJRAN""]"
M0099,Mouwasat Hospital,مواساة,health,True,"[""MH"", ""MOUWASAT HOSPITAL"", ""MOUWASATHOSPITAL"", ""MOUWASAT_HOSPITAL""]",278.68,139.34,none,,"[""DMM"", ""KHOBAR"", ""MAD"", ""MAK"", ""RYD""]"
M0100,Tif Mall,مول الطائف,shopping,True,"[""TIF MALL"", ""TIFMALL"", ""TIF_MALL"", ""TM""]",265.23,159.14,none,,"[""DMM"", ""JED"", ""KHOBAR"", ""MAD"", ""MAK""]"
M0101,Dmm Mart 6,تموينات الدمام 6,groceries,True,"[""DM6"", ""DMM MART 6"", ""DMMMART6"", ""DMM_MART_6"", ""SP*DMMMART6""]",263.15,131.57,none,,"[""KHOBAR"", ""MAD""]"
M0102,Yanbu Utility Co,مرافق ينبع,bills,True,"[""YANBU UTILITY CO"", ""YANBUUTILITYCO"", ""YANBU_UTILITY_CO"", ""YUC""]",220.4,77.14,monthly,,"[""JED"", ""MAD"", ""MAK""]"
M0103,Ryd Grocery,بقالة الرياض,groceries,True,"[""RG"", ""RYD GROCERY"", ""RYDGROCERY"", ""RYD_GROCERY""]",266.94,133.47,none,,"[""JED"", ""KHOBAR"", ""MAD"", ""MAK""]"
M0104,Khobar Pharmacy 83,صيدلية الخبر 83,health,False,"[""KHOBAR PHARMACY 83"", ""KHOBARPHARMACY83"", ""KHOBAR_PHARMACY_83"", ""KP8""]",67.26,33.63,none,,"[""ABHA"", ""JIZAN"", ""KHOBAR""]"
M0105,Mak Grill,مشوي مكة,food,True,"[""MAK GRILL"", ""MAKGRILL"", ""MAK_GRILL"", ""MG""]",69.54,27.82,none,TOYOU,"[""JED"", ""MAK"", ""RYD""]"
M0106,Tabuk Medical Center,مركز طبي تبوك,health,False,"[""TABUK MEDICAL CENTER"", ""TABUKMEDICALCENTER"", ""TABUK_MEDICAL_CENTER"", ""TMC""]",301.86,150.93,none,,"[""ABHA"", ""JED"", ""RYD""]"
M0107,Qassim Club 62,نادي القصيم 62,entertainment,False,"[""QASSIM CLUB 62"", ""QASSIMCLUB62"", ""QASSIM_CLUB_62"", ""QC6""]",68.67,20.6,none,,"[""YANBU""]"
M0108,Tabuk Tours,رحلات تبوك,travel,True,"[""SP*TABUKTOU"", ""TABUK TOURS"", ""TABUKTOURS"", ""TABUK_TOURS"", ""TT""]",1995.98,997.99,none,,"[""DMM"", ""JED"", ""MAK""]"
M0109,Mak Mobile Shop 49,محل جوالات مكة 49,telecom,True,"[""MAK MOBILE SHOP 49"", ""MAKMOBILESHOP49"", ""MAK_MOBILE_SHOP_49"", ""MMS4"", ""SP*MAKMOBIL""]",237.51,71.25,monthly,,"[""KHOBAR"", ""MAD"", ""MAK""]"
M0110,Qassim Institute,معهد القصيم,education,True,"[""QASSIM INSTITUTE"", ""QASSIMINSTITUTE"", ""QASSIM_INSTITUTE"", ""QI""]",491.52,245.76,none,,"[""DMM"", ""JED"", ""KHOBAR"", ""RYD""]"
M0111,Centrepoint,سنتربوينت,shopping,False,"[""CENTREPOINT""]",535.94,321.56,none,,"[""MAK"", ""NJRAN""]"
M0112,Mad Utility Co 75,مرافق المدينة 75,bills,False,"[""MAD UTILITY CO 75"", ""MADUTILITYCO75"", ""MAD_UTILITY_CO_75"", ""MUC7""]",99.21,34.72,monthly,,"[""RYD""]"
M0113,Noon Academy,نون أكاديمي,education,True,"[""NA"", ""NOON ACADEMY"", ""NOONACADEMY"", ""NOON_ACADEMY""]",1533.03,766.51,monthly,,"[""JED"", ""MAD"", ""RYD""]"
M0114,Abha Club,نادي أبها,entertainment,True,"[""ABHA CLUB"", ""ABHACLUB"", ""ABHA_CLUB"", ""AC""]",59.07,17.72,none,,"[""KHOBAR""]"
M0115,Abha Telecom,اتصالات أبها,telecom,True,"[""ABHA TELECOM"", ""ABHATELECOM"", ""ABHA_TELECOM"", ""AT"", ""SP*ABHATELE""]",77.96,23.39,monthly,,"[""ABHA"", ""MAK"", ""TIF""]"
M0116,Mad Foundation,مؤسسة المدينة,charity,True,"[""MAD FOUNDATION"", ""MADFOUNDATION"", ""MAD_FOUNDATION"", ""MF""]",24.24,14.54,none,,"[""DMM"", ""JED"", ""KHOBAR"", ""MAD"", ""MAK""]"
M0117,Hail Eatery 67,مطعم صغير حائل 67,food,True,"[""HAIL EATERY 67"", ""HAILEATERY67"", ""HAIL_EATERY_67"", ""HE6"", ""SP*HAILEATE""]",42.19,16.88,none,MRSOOL,"[""DMM"", ""JED"", ""MAD"", ""RYD""]"
M0118,Jahez,جاهز,food,True,"[""JAHEZ"", ""JAHEZ*""]",75.53,30.21,none,,"[""JED"", ""TIF"", ""YANBU""]"
M0119,Abha Institute,معهد أبها,education,True,"[""ABHA INSTITUTE"", ""ABHAINSTITUTE"", ""ABHA_INSTITUTE"", ""AI""]",264.14,132.07,none,,"[""NJRAN"", ""QASSIM""]"
M0120,Domino's Pizza,دومينوز بيتزا,food,True,"[""DOMINOS PIZZA"", ""DOMINOSPIZZA"", ""DOMINOS_PIZZA"", ""DP"", ""SP*DOMINOSP""]",65.17,26.07,none,MRSOOL,"[""DMM"", ""JED"", ""KHOBAR"", ""MAD"", ""MAK"", ""RYD""]"
M0121,Mrsool,مرسول,transport,True,"[""MRSOOL"", ""SP*MRSOOL""]",40.07,18.03,none,,"[""DMM"", ""KHOBAR"", ""MAD"", ""MAK"", ""RYD""]"
M0122,SEC (electricity),السعودية للكهرباء,bills,True,"[""SADAD-SEC"", ""الشركة السعودية للكهرباء""]",350,150,monthly,,"[""JIZAN"", ""MAD"", ""MAK""]"
M0123,Burger King,برجر كنج,food,True,"[""BK"", ""BURGER KING"", ""BURGERKING"", ""BURGER_KING""]",84.24,33.7,none,,"[""KHOBAR"", ""MAD"", ""RYD""]"
M0124,Tabuk Service Center,مركز خدمة تبوك,government,True,"[""TABUK SERVICE CENTER"", ""TABUKSERVICECENTER"", ""TABUK_SERVICE_CENTER"", ""TSC""]",324.3,194.58,none,,"[""JED"", ""NJRAN"", ""QASSIM""]"
M0125,Jed Foundation,مؤسسة جدة,charity,False,"[""JED FOUNDATION"", ""JEDFOUNDATION"", ""JED_FOUNDATION"", ""JF"", ""SP*JEDFOUND""]",115.26,69.16,none,,"[""ABHA"", ""KHOBAR"", ""NJRAN""]"
M0126,Papa John's,بابا جونز,food,True,"[""PAPA JOHNS"", ""PAPAJOHNS"", ""PAPA_JOHNS"", ""PJ""]",63.41,25.36,none,,"[""ABHA""]"
M0127,Dmm Telecom,اتصالات الدمام,telecom,False,"[""DMM TELECOM"", ""DMMTELECOM"", ""DMM_TELECOM"", ""DT""]",54.78,16.43,monthly,,"[""JIZAN"", ""RYD"", ""YANBU""]"
M0128,Abha Grocery 49,بقالة أبها 49,groceries,True,"[""ABHA GROCERY 49"", ""ABHAGROCERY49"", ""ABHA_GROCERY_49"", ""AG4""]",91.79,45.9,none,,"[""DMM"", ""MAD"", ""MAK""]"
M0129,Yanbu Kitchen,مطبخ ينبع,food,True,"[""YANBU KITCHEN"", ""YANBUKITCHEN"", ""YANBU_KITCHEN"", ""YK""]",81.61,32.64,none,,"[""DMM"", ""KHOBAR"", ""MAK""]"
M0130,Dmm Shop 32,محل الدمام 32,shopping,True,"[""DMM SHOP 32"", ""DMMSHOP32"", ""DMM_SHOP_32"", ""DS3""]",158.65,95.19,none,,"[""DMM"", ""JED"", ""KHOBAR"", ""MAD"", ""MAK"", ""RYD""]"
M0131,Booking.com,بوكينج,travel,False,"[""BOOKING.COM"", ""BOOKINGCOM""]",931.2,465.6,none,,"[""YANBU""]"
M0132,Dmm Eatery,مطعم صغير الدمام,food,True,"[""DE"", ""DMM EATERY"", ""DMMEATERY"", ""DMM_EATERY"", ""SP*DMMEATER""]",87.75,35.1,none,,"[""JED"", ""MAK"", ""RYD""]"
M0133,Qassim Medical Center,مركز طبي القصيم,health,True,"[""QASSIM MEDICAL CENTER"", ""QASSIMMEDICALCENTER"", ""QASSIM_MEDICAL_CENTER"", ""QMC""]",287.76,143.88,none,,"[""DMM"", ""JED"", ""KHOBAR"", ""MAD"", ""MAK"", ""RYD""]"
M0134,Tif Supermarket,سوبر ماركت الطائف,groceries,True,"[""SP*TIFSUPER"", ""TIF SUPERMARKET"", ""TIFSUPERMARKET"", ""TIF_SUPERMARKET"", ""TS""]",132.39,66.19,none,,"[""KHOBAR"", ""MAD"", ""RYD""]"
M0135,Qassim Utility Co,مرافق القصيم,bills,False,"[""QASSIM UTILITY CO"", ""QASSIMUTILITYCO"", ""QASSIM_UTILITY_CO"", ""QUC""]",112.83,39.49,monthly,,"[""HAIL"", ""NJRAN"", ""YANBU""]"
M0136,Othaim,العثيم,groceries,True,"[""OTHAIM"", ""AL OTHAIM""]",170.24,85.12,none,,"[""DMM"", ""JED"", ""KHOBAR"", ""MAD"", ""RYD""]"
M0137,Hail Supermarket,سوبر ماركت حائل,groceries,False,"[""HAIL SUPERMARKET"", ""HAILSUPERMARKET"", ""HAIL_SUPERMARKET"", ""HS""]",265.77,132.88,none,,"[""DMM"", ""MAD""]"
M0138,Saudi Red Crescent,الهلال الأحمر السعودي,charity,True,"[""SAUDI RED CRESCENT"", ""SAUDIREDCRESCENT"", ""SAUDI_RED_CRESCENT"", ""SRC""]",228.7,137.22,none,,"[""DMM"", ""JED"", ""KHOBAR"", ""MAD"", ""MAK"", ""RYD""]"
M0139,Jed Eatery,مطعم صغير جدة,food,False,"[""JE"", ""JED EATERY"", ""JEDEATERY"", ""JED_EATERY""]",72.03,28.81,none,HUNGERSTATION,"[""MAD"", ""NJRAN"", ""RYD""]"
M0140,Jizan Training Center,مركز تدريب جازان,education,False,"[""JIZAN TRAINING CENTER"", ""JIZANTRAININGCENTER"", ""JIZAN_TRAINING_CENTER"", ""JTC""]",401.36,200.68,none,,"[""JED""]"
M0141,Tabuk Travel Agency,وكالة سفريات تبوك,travel,True,"[""SP*TABUKTRA"", ""TABUK TRAVEL AGENCY"", ""TABUKTRAVELAGENCY"", ""TABUK_TRAVEL_AGENCY"", ""TTA""]",1933.92,966.96,none,,"[""DMM"", ""KHOBAR"", ""MAK"", ""RYD""]"
M0142,Ryd Clinic 28,عيادة الرياض 28,health,True,"[""RC2"", ""RYD CLINIC 28"", ""RYDCLINIC28"", ""RYD_CLINIC_28"", ""SP*RYDCLINI""]",58.47,29.23,none,,"[""MAD"", ""MAK"", ""RYD""]"
M0143,Njran Charity,جمعية خيرية نجران,charity,False,"[""NC"", ""NJRAN CHARITY"", ""NJRANCHARITY"", ""NJRAN_CHARITY""]",47.58,28.55,none,,"[""MAD""]"
M0144,Qassim Parking,موقف سيارات القصيم,transport,True,"[""QASSIM PARKING"", ""QASSIMPARKING"", ""QASSIM_PARKING"", ""QP""]",50.39,22.68,none,,"[""MAD"", ""RYD"", ""TIF""]"
M0145,Jed Pharmacy 86,صيدلية جدة 86,health,True,"[""JED PHARMACY 86"", ""JEDPHARMACY86"", ""JED_PHARMACY_86"", ""JP8""]",254.15,127.08,none,,"[""TABUK""]"
M0146,Qassim Parking 32,موقف سيارات القصيم 32,transport,False,"[""QASSIM PARKING 32"", ""QASSIMPARKING32"", ""QASSIM_PARKING_32"", ""QP3""]",94.13,42.36,none,,"[""QASSIM"", ""RYD""]"
M0147,Khobar Utility Co 72,مرافق الخبر 72,bills,True,"[""KHOBAR UTILITY CO 72"", ""KHOBARUTILITYCO72"", ""KHOBAR_UTILITY_CO_72"", ""KUC7"", ""SP*KHOBARUT""]",185.43,64.9,monthly,,"[""ABHA"", ""MAK"", ""TABUK""]"
M0148,Yanbu Medical Center,مركز طبي ينبع,health,True,"[""SP*YANBUMED"", ""YANBU MEDICAL CENTER"", ""YANBUMEDICALCENTER"", ""YANBU_MEDICAL_CENTER"", ""YMC""]",398.72,199.36,none,,"[""HAIL"", ""NJRAN""]"
M0149,Dmm Store 66,محل بقالة الدمام 66,groceries,True,"[""DMM STORE 66"", ""DMMSTORE66"", ""DMM_STORE_66"", ""DS6"", ""SP*DMMSTORE""]",76.07,38.03,none,,"[""DMM"", ""JED"", ""MAD"", ""MAK"", ""RYD""]"
M0150,Tabuk Medical Center 76,مركز طبي تبوك 76,health,False,"[""TABUK MEDICAL CENTER 76"", ""TABUKMEDICALCENTER76"", ""TABUK_MEDICAL_CENTER_76"", ""TMC7""]",424.65,212.32,none,,"[""JED"", ""MAD"", ""NJRAN""]"
M0151,Nike,نايك,shopping,True,"[""NIKE"", ""SP*NIKE""]",157.8,94.68,none,,"[""DMM"", ""KHOBAR"", ""MAD"", ""MAK"", ""RYD""]"
M0152,Jizan Academy,أكاديمية جازان,education,True,"[""JA"", ""JIZAN ACADEMY"", ""JIZANACADEMY"", ""JIZAN_ACADEMY""]",1421.75,710.88,none,,"[""KHOBAR"", ""MAD"", ""MAK"", ""RYD""]"
M0153,Jizan Outlet 42,آوتلت جازان 42,shopping,True,"[""JIZAN OUTLET 42"", ""JIZANOUTLET42"", ""JIZAN_OUTLET_42"", ""JO4""]",118.57,71.14,none,,"[""JED"", ""KHOBAR"", ""MAD"", ""MAK"", ""RYD""]"
M0154,Abha Tours,رحلات أبها,travel,True,"[""ABHA TOURS"", ""ABHATOURS"", ""ABHA_TOURS"", ""AT""]",1546.14,773.07,none,,"[""HAIL"", ""JED"", ""RYD""]"
M0155,Mak Cafe,مقهى مكة,food,True,"[""MAK CAFE"", ""MAKCAFE"", ""MAK_CAFE"", ""MC""]",23.32,9.33,none,,"[""DMM"", ""JED"", ""KHOBAR"", ""MAK"", ""RYD""]"
M0156,Almosafer,المسافر,travel,True,"[""ALMOSAFER"", ""SP*ALMOSAFE""]",2181.98,1090.99,none,,"[""JED"", ""KHOBAR"", ""MAD"", ""MAK"", ""RYD""]"
M0157,Dmm Services,خدمات الدمام,bills,True,"[""DMM SERVICES"", ""DMMSERVICES"", ""DMM_SERVICES"", ""DS""]",100.14,35.05,monthly,,"[""DMM"", ""JED"", ""KHOBAR"", ""MAD"", ""MAK"", ""RYD""]"
M0158,Herfy,هرفي,food,True,"[""HERFY"", ""HERFY REST""]",46.64,18.66,none,HUNGERSTATION,"[""JED"", ""MAD"", ""MAK""]"
M0159,Jed Shop,محل جدة,shopping,True,"[""JED SHOP"", ""JEDSHOP"", ""JED_SHOP"", ""JS""]",586.9,352.14,none,,"[""JED""]"
M0160,Abha Game Zone,صالة ألعاب أبها,entertainment,False,"[""ABHA GAME ZONE"", ""ABHAGAMEZONE"", ""ABHA_GAME_ZONE"", ""AGZ""]",35.72,10.72,none,,"[""MAK"", ""RYD""]"
M0161,Tif Fuel Station,محطة وقود الطائف,transport,True,"[""TFS"", ""TIF FUEL STATION"", ""TIFFUELSTATION"", ""TIF_FUEL_STATION""]",52.11,23.45,none,,"[""JED"", ""MAK"", ""RYD""]"
M0162,Qassim Mart,تموينات القصيم,groceries,True,"[""QASSIM MART"", ""QASSIMMART"", ""QASSIM_MART"", ""QM""]",101.41,50.7,none,,"[""DMM"", ""JED"", ""KHOBAR"", ""MAD""]"
M0163,Hail Supermarket 18,سوبر ماركت حائل 18,groceries,False,"[""HAIL SUPERMARKET 18"", ""HAILSUPERMARKET18"", ""HAIL_SUPERMARKET_18"", ""HS1""]",286.28,143.14,none,,"[""NJRAN""]"
M0164,Home Centre,هوم سنتر,shopping,True,"[""HC"", ""HOME CENTRE"", ""HOMECENTRE"", ""HOME_CENTRE""]",237.48,142.49,none,,"[""HAIL""]"
M0165,Sasco,ساسكو,transport,True,"[""SASCO""]",45.78,20.6,none,,"[""DMM"", ""JED"", ""KHOBAR"", ""MAD"", ""RYD""]"
M0166,Qassim Grocery,بقالة القصيم,groceries,False,"[""QASSIM GROCERY"", ""QASSIMGROCERY"", ""QASSIM_GROCERY"", ""QG""]",184.97,92.48,none,,"[""KHOBAR"", ""NJRAN"", ""TIF""]"
M0167,Petromin,بترومين,transport,True,"[""PETROMIN""]",182.87,82.29,none,,"[""JED"", ""MAD"", ""QASSIM""]"
M0168,Abha Grocery,بقالة أبها,groceries,True,"[""ABHA GROCERY"", ""ABHAGROCERY"", ""ABHA_GROCERY"", ""AG"", ""SP*ABHAGROC""]",131.9,65.95,none,,"[""DMM"", ""JED"", ""KHOBAR"", ""MAD"", ""MAK"", ""RYD""]"
M0169,Yanbu Parking,موقف سيارات ينبع,transport,False,"[""SP*YANBUPAR"", ""YANBU PARKING"", ""YANBUPARKING"", ""YANBU_PARKING"", ""YP""]",132.75,59.74,none,,"[""DMM"", ""JED"", ""NJRAN""]"
M0170,Khobar Grill 58,مشوي الخبر 58,food,True,"[""KG5"", ""KHOBAR GRILL 58"", ""KHOBARGRILL58"", ""KHOBAR_GRILL_58""]",48.17,19.27,none,,"[""DMM"", ""MAD"", ""MAK""]"
M0171,Ryd Restaurant 63,مطعم الرياض 63,food,False,"[""RR6"", ""RYD RESTAURANT 63"", ""RYDRESTAURANT63"", ""RYD_RESTAURANT_63"", ""SP*RYDRESTA""]",46.97,18.79,none,,"[""JED"", ""YANBU""]"
M0172,Cool District Cooling,كول للتبريد المركزي,bills,True,"[""CDC"", ""COOL DISTRICT COOLING"", ""COOLDISTRICTCOOLING"", ""COOL_DISTRICT_COOLING"", ""SP*COOLDIST""]",164.25,57.49,monthly,,"[""JED"", ""JIZAN""]"
M0173,Starbucks,ستاربكس,food,True,"[""STARBUCKS"", ""SBUX""]",28,12,none,,"[""DMM"", ""MAD""]"
M0174,Jizan Mart 90,تموينات جازان 90,groceries,False,"[""JIZAN MART 90"", ""JIZANMART90"", ""JIZAN_MART_90"", ""JM9""]",151.94,75.97,none,,"[""JED"", ""MAD"", ""YANBU""]"
M0175,Mak Game Zone,صالة ألعاب مكة,entertainment,False,"[""MAK GAME ZONE"", ""MAKGAMEZONE"", ""MAK_GAME_ZONE"", ""MGZ""]",58.36,17.51,none,,"[""ABHA"", ""DMM"", ""RYD""]"
M0176,Mad Store 94,متجر المدينة 94,shopping,True,"[""MAD STORE 94"", ""MADSTORE94"", ""MAD_STORE_94"", ""MS9"", ""SP*MADSTORE""]",440.04,264.02,none,,"[""DMM"", ""JED"", ""MAD"", ""MAK""]"
M0177,Mad Mobile Shop,محل جوالات المدينة,telecom,False,"[""MAD MOBILE SHOP"", ""MADMOBILESHOP"", ""MAD_MOBILE_SHOP"", ""MMS""]",235.21,70.56,monthly,,"[""ABHA"", ""KHOBAR"", ""YANBU""]"
M0178,Tabuk Kitchen,مطبخ تبوك,food,False,"[""TABUK KITCHEN"", ""TABUKKITCHEN"", ""TABUK_KITCHEN"", ""TK""]",62.66,25.06,none,,"[""DMM"", ""JED"", ""TIF""]"
M0179,Khobar Services,خدمات الخبر,bills,True,"[""KHOBAR SERVICES"", ""KHOBARSERVICES"", ""KHOBAR_SERVICES"", ""KS""]",323.8,113.33,monthly,,"[""DMM"", ""JED"", ""MAD"", ""RYD""]"
M0180,Tif Diner,مطعم شعبي الطائف,food,False,"[""SP*TIFDINER"", ""TD"", ""TIF DINER"", ""TIFDINER"", ""TIF_DINER""]",89.45,35.78,none,,"[""MAD"", ""RYD"", ""TIF""]"
M0181,Ryd Bakery,مخبز الرياض,food,True,"[""RB"", ""RYD BAKERY"", ""RYDBAKERY"", ""RYD_BAKERY""]",49.11,19.64,none,,"[""JED"", ""KHOBAR"", ""MAD"", ""MAK"", ""RYD""]"
M0182,Mama Noura,ماما نورة,food,True,"[""MAMA NOURA"", ""MAMANOURA"", ""MAMA_NOURA"", ""MN""]",67.93,27.17,none,HUNGERSTATION,"[""JED"", ""KHOBAR"", ""MAD"", ""MAK"", ""RYD""]"
M0183,Mad Clinic 32,عيادة المدينة 32,health,True,"[""MAD CLINIC 32"", ""MADCLINIC32"", ""MAD_CLINIC_32"", ""MC3""]",195.02,97.51,none,,"[""DMM"", ""MAK"", ""RYD""]"
M0184,Njran Diner 69,مطعم شعبي نجران 69,food,True,"[""ND6"", ""NJRAN DINER 69"", ""NJRANDINER69"", ""NJRAN_DINER_69"", ""SP*NJRANDIN""]",35.44,14.18,none,,"[""JIZAN"", ""KHOBAR""]"
M0185,Hail Service Center,مركز خدمة حائل,government,True,"[""HAIL SERVICE CENTER"", ""HAILSERVICECENTER"", ""HAIL_SERVICE_CENTER"", ""HSC"", ""SP*HAILSERV""]",362.37,217.42,none,,"[""DMM"", ""JED"", ""MAD"", ""MAK"", ""RYD""]"
M0186,Dr. Sulaiman Al Habib Hospital,مستشفى د. سليمان الحبيب,health,True,"[""DR. SULAIMAN AL HABIB HOSPITAL"", ""DR._SULAIMAN_AL_HABIB_HOSPITAL"", ""DRSULAIMANALHABIBHOSPITAL"", ""DSAHH""]",311.17,155.59,none,,"[""DMM"", ""JED"", ""MAD"", ""MAK"", ""RYD""]"
M0187,Yanbu Shop,محل ينبع,shopping,True,"[""YANBU SHOP"", ""YANBUSHOP"", ""YANBU_SHOP"", ""YS""]",437.71,262.63,none,,"[""DMM"", ""JED"", ""KHOBAR"", ""MAD"", ""MAK"", ""RYD""]"
M0188,Qassim Grill,مشوي القصيم,food,True,"[""QASSIM GRILL"", ""QASSIMGRILL"", ""QASSIM_GRILL"", ""QG""]",84.14,33.66,none,,"[""NJRAN"", ""YANBU""]"
M0189,Ehsan,إحسان,charity,True,"[""EHSAN""]",142.84,85.7,none,,"[""KHOBAR"", ""MAD"", ""MAK""]"
M0190,Mak Mobile Shop,محل جوالات مكة,telecom,True,"[""MAK MOBILE SHOP"", ""MAKMOBILESHOP"", ""MAK_MOBILE_SHOP"", ""MMS""]",192.23,57.67,monthly,,"[""DMM"", ""KHOBAR"", ""MAD""]"
M0191,Tif Grocery,بقالة الطائف,groceries,True,"[""TG"", ""TIF GROCERY"", ""TIFGROCERY"", ""TIF_GROCERY""]",135.48,67.74,none,,"[""ABHA"", ""JIZAN""]"
M0192,Qassim Restaurant 86,مطعم القصيم 86,food,True,"[""QASSIM RESTAURANT 86"", ""QASSIMRESTAURANT86"", ""QASSIM_RESTAURANT_86"", ""QR8"", ""SP*QASSIMRE""]",72.47,28.99,none,,"[""JED"", ""KHOBAR"", ""MAK"", ""RYD""]"
M0193,Al Hammadi Hospital,الحمادي,health,True,"[""AHH"", ""AL HAMMADI HOSPITAL"", ""ALHAMMADIHOSPITAL"", ""AL_HAMMADI_HOSPITAL""]",209.92,104.96,none,,"[""JED"", ""KHOBAR"", ""MAD"", ""MAK"", ""RYD""]"
M0194,Yanbu Services,خدمات ينبع,bills,True,"[""YANBU SERVICES"", ""YANBUSERVICES"", ""YANBU_SERVICES"", ""YS""]",292.2,102.27,monthly,,"[""RYD""]"
M0195,Adidas,اديداس,shopping,True,"[""ADIDAS"", ""SP*ADIDAS""]",109.59,65.75,none,,"[""DMM"", ""JED"", ""KHOBAR"", ""MAD"", ""RYD""]"
M0196,Mak Pharmacy,صيدلية مكة,health,False,"[""MAK PHARMACY"", ""MAKPHARMACY"", ""MAK_PHARMACY"", ""MP""]",440.36,220.18,none,,"[""MAD""]"
M0197,Jizan Kitchen,مطبخ جازان,food,True,"[""JIZAN KITCHEN"", ""JIZANKITCHEN"", ""JIZAN_KITCHEN"", ""JK"", ""SP*JIZANKIT""]",49.02,19.61,none,,"[""JED"", ""MAD"", ""RYD""]"
M0198,Dmm Parking,موقف سيارات الدمام,transport,True,"[""DMM PARKING"", ""DMMPARKING"", ""DMM_PARKING"", ""DP""]",185.59,83.52,none,,"[""DMM"", ""JIZAN"", ""MAD""]"
M0199,Carrefour,كارفور,groceries,True,"[""CARREFOUR"", ""CRF""]",346.96,173.48,none,,"[""HAIL"", ""KHOBAR"", ""MAK""]"
M0200,Jizan Diner,مطعم شعبي جازان,food,True,"[""JD"", ""JIZAN DINER"", ""JIZANDINER"", ""JIZAN_DINER""]",41.42,16.57,none,,"[""ABHA"", ""JIZAN"", ""YANBU""]"
M0201,Tabuk Store,محل بقالة تبوك,groceries,True,"[""TABUK STORE"", ""TABUKSTORE"", ""TABUK_STORE"", ""TS""]",174.41,87.2,none,,"[""KHOBAR""]"
M0202,Tif Store 11,متجر الطائف 11,shopping,True,"[""TIF STORE 11"", ""TIFSTORE11"", ""TIF_STORE_11"", ""TS1""]",552.16,331.3,none,,"[""DMM"", ""JED"", ""KHOBAR"", ""MAK"", ""RYD""]"
M0203,Njran Foundation 56,مؤسسة نجران 56,charity,True,"[""NF5"", ""NJRAN FOUNDATION 56"", ""NJRANFOUNDATION56"", ""NJRAN_FOUNDATION_56""]",139.02,83.41,none,,"[""KHOBAR"", ""MAD"", ""TIF""]"
M0204,Dmm Bistro,بيسترو الدمام,food,False,"[""DB"", ""DMM BISTRO"", ""DMMBISTRO"", ""DMM_BISTRO""]",42.55,17.02,none,,"[""JIZAN""]"
M0205,Njran Travel Agency,وكالة سفريات نجران,travel,True,"[""NJRAN TRAVEL AGENCY"", ""NJRANTRAVELAGENCY"", ""NJRAN_TRAVEL_AGENCY"", ""NTA"", ""SP*NJRANTRA""]",553.23,276.62,none,,"[""DMM"", ""JED"", ""KHOBAR"", ""MAK"", ""RYD""]"
M0206,Boulevard Riyadh City,بوليفارد رياض سيتي,entertainment,True,"[""BOULEVARD RIYADH CITY"", ""BOULEVARDRIYADHCITY"", ""BOULEVARD_RIYADH_CITY"", ""BRC""]",60.98,18.29,none,,"[""JIZAN"", ""KHOBAR"", ""YANBU""]"
M0207,Mak Grocery 14,بقالة مكة 14,groceries,True,"[""MAK GROCERY 14"", ""MAKGROCERY14"", ""MAK_GROCERY_14"", ""MG1"", ""SP*MAKGROCE""]",268.03,134.01,none,,"[""QASSIM""]"
M0208,Yanbu Game Zone 96,صالة ألعاب ينبع 96,entertainment,True,"[""YANBU GAME ZONE 96"", ""YANBUGAMEZONE96"", ""YANBU_GAME_ZONE_96"", ""YGZ9""]",58.57,17.57,none,,"[""DMM"", ""KHOBAR"", ""MAK"", ""RYD""]"
M0209,Farm Superstores,فارم سوبر ستورز,groceries,True,"[""FARM SUPERSTORES"", ""FARMSUPERSTORES"", ""FARM_SUPERSTORES"", ""FS""]",160.25,80.12,none,,"[""JED"", ""MAD"", ""MAK""]"
M0210,Dmm Institute,معهد الدمام,education,False,"[""DI"", ""DMM INSTITUTE"", ""DMMINSTITUTE"", ""DMM_INSTITUTE""]",749.29,374.64,none,,"[""DMM"", ""RYD"", ""YANBU""]"
M0211,Hail Cinema 78,سينما حائل 78,entertainment,False,"[""HAIL CINEMA 78"", ""HAILCINEMA78"", ""HAIL_CINEMA_78"", ""HC7""]",39.55,11.86,none,,"[""JIZAN"", ""YANBU""]"
M0212,Najiz,ناجز,government,True,"[""NAJIZ""]",222.32,133.39,none,,"[""TABUK""]"
M0213,KFC,كنتاكي,food,True,"[""KFC""]",40.45,16.18,none,HUNGERSTATION,"[""DMM"", ""JED"", ""MAD"", ""MAK""]"
M0214,Njran Restaurant,مطعم نجران,food,True,"[""NJRAN RESTAURANT"", ""NJRANRESTAURANT"", ""NJRAN_RESTAURANT"", ""NR""]",35.41,14.16,none,,"[""DMM"", ""KHOBAR"", ""MAD"", ""MAK""]"
M0215,Ryd Clinic,عيادة الرياض,health,True,"[""RC"", ""RYD CLINIC"", ""RYDCLINIC"", ""RYD_CLINIC""]",446.44,223.22,none,,"[""DMM""]"
M0216,Njran Clinic,عيادة نجران,health,True,"[""NC"", ""NJRAN CLINIC"", ""NJRANCLINIC"", ""NJRAN_CLINIC""]",92.04,46.02,none,,"[""DMM"", ""MAD"", ""RYD""]"
M0217,Mak Supermarket,سوبر ماركت مكة,groceries,True,"[""MAK SUPERMARKET"", ""MAKSUPERMARKET"", ""MAK_SUPERMARKET"", ""MS""]",147.82,73.91,none,,"[""JED"", ""KHOBAR"", ""MAD"", ""RYD""]"
M0218,Tif Gas Station,محطة بنزين الطائف,transport,True,"[""TGS"", ""TIF GAS STATION"", ""TIFGASSTATION"", ""TIF_GAS_STATION""]",177.85,80.03,none,,"[""DMM"", ""JED"", ""KHOBAR"", ""MAK"", ""RYD""]"
M0219,Hail Shop,محل حائل,shopping,False,"[""HAIL SHOP"", ""HAILSHOP"", ""HAIL_SHOP"", ""HS""]",543.35,326.01,none,,"[""JIZAN""]"
M0220,Jed Boutique,بوتيك جدة,shopping,True,"[""JB"", ""JED BOUTIQUE"", ""JEDBOUTIQUE"", ""JED_BOUTIQUE""]",109.88,65.93,none,,"[""DMM"", ""JED"", ""KHOBAR"", ""MAD"", ""MAK"", ""RYD""]"
M0221,Qassim Telecom,اتصالات القصيم,telecom,True,"[""QASSIM TELECOM"", ""QASSIMTELECOM"", ""QASSIM_TELECOM"", ""QT""]",242.24,72.67,monthly,,"[""DMM"", ""JED"", ""KHOBAR"", ""MAK"", ""RYD""]"
M0222,Abha Cinema,سينما أبها,entertainment,True,"[""ABHA CINEMA"", ""ABHACINEMA"", ""ABHA_CINEMA"", ""AC""]",51.19,15.36,none,,"[""RYD"", ""TIF""]"
M0223,Mak Tours,رحلات مكة,travel,False,"[""MAK TOURS"", ""MAKTOURS"", ""MAK_TOURS"", ""MT""]",2732.8,1366.4,none,,"[""DMM"", ""MAD""]"
M0224,Ryd Government Office,مكتب حكومي الرياض,government,False,"[""RGO"", ""RYD GOVERNMENT OFFICE"", ""RYDGOVERNMENTOFFICE"", ""RYD_GOVERNMENT_OFFICE""]",211.64,126.98,none,,"[""MAK"", ""RYD"", ""TABUK""]"
M0225,Hail Bakery,مخبز حائل,food,True,"[""HAIL BAKERY"", ""HAILBAKERY"", ""HAIL_BAKERY"", ""HB""]",26.45,10.58,none,JAHEZ,"[""DMM"", ""JED"", ""KHOBAR""]"
M0226,Qassim Clinic,عيادة القصيم,health,True,"[""QASSIM CLINIC"", ""QASSIMCLINIC"", ""QASSIM_CLINIC"", ""QC""]",267.57,133.78,none,,"[""DMM"", ""JED"", ""MAD""]"
M0227,Dmm Store 85,محل بقالة الدمام 85,groceries,False,"[""DMM STORE 85"", ""DMMSTORE85"", ""DMM_STORE_85"", ""DS8""]",314.74,157.37,none,,"[""NJRAN""]"
M0228,Njran Mall 90,مول نجران 90,shopping,True,"[""NJRAN MALL 90"", ""NJRANMALL90"", ""NJRAN_MALL_90"", ""NM9"", ""SP*NJRANMAL""]",280.78,168.47,none,,"[""DMM"", ""JED"", ""KHOBAR"", ""MAD"", ""MAK"", ""RYD""]"
M0229,Anghami,أنغامي,entertainment,True,"[""ANGHAMI"", ""SP*ANGHAMI""]",87.76,26.33,monthly,,"[""ABHA"", ""NJRAN"", ""YANBU""]"
M0230,Vox Cinemas,فوكس سينما,entertainment,True,"[""SP*VOXCINEM"", ""VC"", ""VOX CINEMAS"", ""VOXCINEMAS"", ""VOX_CINEMAS""]",37.42,11.23,none,,"[""JED"", ""KHOBAR"", ""MAD"", ""MAK""]"
M0231,Al Faisal University,جامعة الفيصل,education,True,"[""AFU"", ""AL FAISAL UNIVERSITY"", ""ALFAISALUNIVERSITY"", ""AL_FAISAL_UNIVERSITY"", ""SP*ALFAISAL""]",678.3,339.15,none,,"[""JED"", ""KHOBAR"", ""MAK"", ""RYD""]"
M0232,Rwaq,رواق,education,True,"[""RWAQ"", ""SP*RWAQ""]",771.92,385.96,monthly,,"[""JED"", ""MAK"", ""RYD""]"
M0233,Tabuk Store 43,متجر تبوك 43,shopping,True,"[""TABUK STORE 43"", ""TABUKSTORE43"", ""TABUK_STORE_43"", ""TS4""]",582.56,349.54,none,,"[""DMM"", ""JED"", ""KHOBAR"", ""MAD""]"
M0234,Tif Medical Center 6,مركز طبي الطائف 6,health,True,"[""TIF MEDICAL CENTER 6"", ""TIFMEDICALCENTER6"", ""TIF_MEDICAL_CENTER_6"", ""TMC6""]",408.19,204.09,none,,"[""ABHA"", ""DMM"", ""JED""]"
M0235,Dmm Training Center 71,مركز تدريب الدمام 71,education,True,"[""DMM TRAINING CENTER 71"", ""DMMTRAININGCENTER71"", ""DMM_TRAINING_CENTER_71"", ""DTC7"", ""SP*DMMTRAIN""]",907.6,453.8,none,,"[""DMM"", ""JED"", ""KHOBAR"", ""MAK""]"
M0236,Mad Restaurant,مطعم المدينة,food,True,"[""MAD RESTAURANT"", ""MADRESTAURANT"", ""MAD_RESTAURANT"", ""MR"", ""SP*MADRESTA""]",46.57,18.63,none,MRSOOL,"[""ABHA"", ""JED"", ""TABUK""]"
M0237,Tabuk Cafe,مقهى تبوك,food,True,"[""TABUK CAFE"", ""TABUKCAFE"", ""TABUK_CAFE"", ""TC""]",43.25,17.3,none,,"[""HAIL"", ""JED"", ""QASSIM""]"
M0238,Whites Pharmacy,صيدلية وايتس,health,True,"[""WHITES PHARMACY"", ""WHITESPHARMACY"", ""WHITES_PHARMACY"", ""WP""]",449.96,224.98,none,,"[""NJRAN"", ""RYD"", ""YANBU""]"
M0239,Hail Cinema,سينما حائل,entertainment,True,"[""HAIL CINEMA"", ""HAILCINEMA"", ""HAIL_CINEMA"", ""HC""]",56.77,17.03,none,,"[""QASSIM"", ""TABUK""]"
M0240,Mad Travel Agency,وكالة سفريات المدينة,travel,True,"[""MAD TRAVEL AGENCY"", ""MADTRAVELAGENCY"", ""MAD_TRAVEL_AGENCY"", ""MTA""]",1676.24,838.12,none,,"[""ABHA""]"
M0241,Lebara,ليبارا,telecom,True,"[""LEBARA""]",98.8,29.64,monthly,,"[""JED"", ""MAD"", ""MAK""]"
M0242,STC,إس تي سي,telecom,True,"[""STC"", ""STC PREPAID""]",150,60,monthly,,"[""DMM"", ""JED"", ""KHOBAR"", ""MAD"", ""MAK"", ""RYD""]"
M0243,Al Jazira Supermarket,سوبرماركت الجزيرة,groceries,True,"[""AJS"", ""AL JAZIRA SUPERMARKET"", ""ALJAZIRASUPERMARKET"", ""AL_JAZIRA_SUPERMARKET""]",96.14,48.07,none,,"[""DMM"", ""JED"", ""KHOBAR"", ""MAD"", ""MAK"", ""RYD""]"
M0244,Jeeny,جيني,transport,True,"[""JEENY""]",209.27,94.17,none,,"[""MAD"", ""TABUK"", ""TIF""]"
M0245,Ryd Gas Station,محطة بنزين الرياض,transport,False,"[""RGS"", ""RYD GAS STATION"", ""RYDGASSTATION"", ""RYD_GAS_STATION""]",116.9,52.61,none,,"[""HAIL"", ""YANBU""]"
M0246,Khobar Cinema,سينما الخبر,entertainment,False,"[""KC"", ""KHOBAR CINEMA"", ""KHOBARCINEMA"", ""KHOBAR_CINEMA""]",44.96,13.49,none,,"[""KHOBAR"", ""MAD""]"
M0247,Dmm Grill,مشوي الدمام,food,False,"[""DG"", ""DMM GRILL"", ""DMMGRILL"", ""DMM_GRILL"", ""SP*DMMGRILL""]",45.06,18.02,none,,"[""JED""]"
M0248,Abha Government Office,مكتب حكومي أبها,government,True,"[""ABHA GOVERNMENT OFFICE"", ""ABHAGOVERNMENTOFFICE"", ""ABHA_GOVERNMENT_OFFICE"", ""AGO""]",300.16,180.1,none,,"[""JED"", ""MAD"", ""RYD""]"
M0249,Yanbu Fuel Station,محطة وقود ينبع,transport,False,"[""SP*YANBUFUE"", ""YANBU FUEL STATION"", ""YANBUFUELSTATION"", ""YANBU_FUEL_STATION"", ""YFS""]",144.1,64.84,none,,"[""JED"", ""JIZAN""]"
M0250,Yanbu Grill 18,مشوي ينبع 18,food,True,"[""SP*YANBUGRI"", ""YANBU GRILL 18"", ""YANBUGRILL18"", ""YANBU_GRILL_18"", ""YG1""]",74.89,29.96,none,,"[""DMM"", ""JED"", ""MAD"", ""MAK"", ""RYD""]"
M0251,Tif Outlet 2,آوتلت الطائف 2,shopping,False,"[""TIF OUTLET 2"", ""TIFOUTLET2"", ""TIF_OUTLET_2"", ""TO2""]",191.7,115.02,none,,"[""TABUK""]"
M0252,Trip.com,تريب دوت كوم,travel,True,"[""TRIP.COM"", ""TRIPCOM""]",1529.37,764.68,none,,"[""DMM""]"
M0253,Dmm Diner,مطعم شعبي الدمام,food,False,"[""DD"", ""DMM DINER"", ""DMMDINER"", ""DMM_DINER""]",80.56,32.22,none,,"[""JIZAN"", ""RYD""]"
M0254,Jed Institute,معهد جدة,education,False,"[""JED INSTITUTE"", ""JEDINSTITUTE"", ""JED_INSTITUTE"", ""JI""]",671.11,335.56,none,,"[""MAD"", ""NJRAN"", ""QASSIM""]"
M0255,Abha Kitchen,مطبخ أبها,food,False,"[""ABHA KITCHEN"", ""ABHAKITCHEN"", ""ABHA_KITCHEN"", ""AK""]",22.45,8.98,none,,"[""KHOBAR"", ""RYD"", ""TIF""]"
M0256,Khobar Taxi Service,تاكسي الخبر,transport,False,"[""KHOBAR TAXI SERVICE"", ""KHOBARTAXISERVICE"", ""KHOBAR_TAXI_SERVICE"", ""KTS"", ""SP*KHOBARTA""]",143.12,64.4,none,,"[""JIZAN"", ""MAK""]"
M0257,Hail Services,خدمات حائل,bills,True,"[""HAIL SERVICES"", ""HAILSERVICES"", ""HAIL_SERVICES"", ""HS""]",196.77,68.87,monthly,,"[""DMM"", ""KHOBAR"", ""MAD"", ""RYD""]"
M0258,Jizan Training Center 40,مركز تدريب جازان 40,education,False,"[""JIZAN TRAINING CENTER 40"", ""JIZANTRAININGCENTER40"", ""JIZAN_TRAINING_CENTER_40"", ""JTC4""]",1437.34,718.67,none,,"[""HAIL"", ""MAK"", ""QASSIM""]"
M0259,Njran Store 86,متجر نجران 86,shopping,False,"[""NJRAN STORE 86"", ""NJRANSTORE86"", ""NJRAN_STORE_86"", ""NS8""]",166.46,99.88,none,,"[""HAIL"", ""NJRAN"", ""YANBU""]"
M0260,Abha Parking,موقف سيارات أبها,transport,True,"[""ABHA PARKING"", ""ABHAPARKING"", ""ABHA_PARKING"", ""AP""]",162.89,73.3,none,,"[""DMM"", ""JED"", ""KHOBAR"", ""MAK"", ""RYD""]"
M0261,Tif Taxi Service,تاكسي الطائف,transport,False,"[""SP*TIFTAXIS"", ""TIF TAXI SERVICE"", ""TIFTAXISERVICE"", ""TIF_TAXI_SERVICE"", ""TTS""]",113.49,51.07,none,,"[""NJRAN""]"
M0262,Shake Shack,شيك شاك,food,True,"[""SHAKE SHACK"", ""SHAKESHACK"", ""SHAKE_SHACK"", ""SS""]",20.1,8.04,none,,"[""MAK"", ""NJRAN"", ""TABUK""]"
M0263,Tabuk Restaurant,مطعم تبوك,food,False,"[""TABUK RESTAURANT"", ""TABUKRESTAURANT"", ""TABUK_RESTAURANT"", ""TR""]",70.89,28.36,none,,"[""TABUK""]"
M0264,Dmm Service Center,مركز خدمة الدمام,government,True,"[""DMM SERVICE CENTER"", ""DMMSERVICECENTER"", ""DMM_SERVICE_CENTER"", ""DSC""]",193.47,116.08,none,,"[""KHOBAR"", ""NJRAN"", ""YANBU""]"
M0265,Njran Store 15,متجر نجران 15,shopping,False,"[""NJRAN STORE 15"", ""NJRANSTORE15"", ""NJRAN_STORE_15"", ""NS1"", ""SP*NJRANSTO""]",395.61,237.37,none,,"[""KHOBAR"", ""MAD"", ""QASSIM""]"
M0266,Ryd Taxi Service,تاكسي الرياض,transport,False,"[""RTS"", ""RYD TAXI SERVICE"", ""RYDTAXISERVICE"", ""RYD_TAXI_SERVICE""]",142.2,63.99,none,,"[""TABUK""]"
M0267,Fuddruckers,فودراكرز,food,True,"[""FUDDRUCKERS""]",19.57,7.83,none,MRSOOL,"[""KHOBAR"", ""MAD"", ""MAK"", ""RYD""]"
M0268,Tabuk Medical Center 20,مركز طبي تبوك 20,health,False,"[""TABUK MEDICAL CENTER 20"", ""TABUKMEDICALCENTER20"", ""TABUK_MEDICAL_CENTER_20"", ""TMC2""]",109.06,54.53,none,,"[""MAD"", ""QASSIM""]"
M0269,Virgin Mobile KSA,فيرجن موبايل,telecom,True,"[""SP*VIRGINMO"", ""VIRGIN MOBILE KSA"", ""VIRGINMOBILEKSA"", ""VIRGIN_MOBILE_KSA"", ""VMK""]",211.31,63.39,monthly,,"[""DMM"", ""JED"", ""KHOBAR"", ""MAD"", ""MAK"", ""RYD""]"
M0270,H&M,اتش اند ام,shopping,False,"[""H&M"", ""HM""]",309.27,185.56,none,,"[""NJRAN"", ""RYD"", ""TABUK""]"
M0271,Abha Boutique,بوتيك أبها,shopping,True,"[""AB"", ""ABHA BOUTIQUE"", ""ABHABOUTIQUE"", ""ABHA_BOUTIQUE"", ""SP*ABHABOUT""]",413.05,247.83,none,,"[""DMM"", ""JED"", ""KHOBAR"", ""MAD"", ""RYD""]"
M0272,Qassim Kitchen,مطبخ القصيم,food,False,"[""QASSIM KITCHEN"", ""QASSIMKITCHEN"", ""QASSIM_KITCHEN"", ""QK""]",18.25,7.3,none,,"[""ABHA"", ""HAIL"", ""MAD""]"
M0273,Njran Supermarket,سوبر ماركت نجران,groceries,True,"[""NJRAN SUPERMARKET"", ""NJRANSUPERMARKET"", ""NJRAN_SUPERMARKET"", ""NS""]",240.74,120.37,none,,"[""DMM"", ""JED"", ""KHOBAR"", ""MAD"", ""MAK"", ""RYD""]"
M0274,Tif Outlet,آوتلت الطائف,shopping,True,"[""TIF OUTLET"", ""TIFOUTLET"", ""TIF_OUTLET"", ""TO""]",364.64,218.78,none,,"[""ABHA""]"
M0275,Texas Chicken,تكساس تشكن,food,True,"[""SP*TEXASCHI"", ""TC"", ""TEXAS CHICKEN"", ""TEXASCHICKEN"", ""TEXAS_CHICKEN""]",57.22,22.89,none,,"[""DMM"", ""JED"", ""MAK"", ""RYD""]"
M0276,Dmm Clinic,عيادة الدمام,health,True,"[""DC"", ""DMM CLINIC"", ""DMMCLINIC"", ""DMM_CLINIC""]",53.59,26.8,none,,"[""DMM"", ""JED"", ""KHOBAR"", ""MAD"", ""MAK"", ""RYD""]"
M0277,Dmm Store 90,محل بقالة الدمام 90,groceries,True,"[""DMM STORE 90"", ""DMMSTORE90"", ""DMM_STORE_90"", ""DS9""]",205.53,102.77,none,,"[""JED"", ""KHOBAR"", ""MAD""]"
M0278,Mak Grocery,بقالة مكة,groceries,True,"[""MAK GROCERY"", ""MAKGROCERY"", ""MAK_GROCERY"", ""MG"", ""SP*MAKGROCE""]",81.48,40.74,none,,"[""NJRAN""]"
M0279,Jed Tours,رحلات جدة,travel,True,"[""JED TOURS"", ""JEDTOURS"", ""JED_TOURS"", ""JT""]",1441.35,720.67,none,,"[""NJRAN"", ""TIF""]"
M0280,Mad Government Office,مكتب حكومي المدينة,government,False,"[""MAD GOVERNMENT OFFICE"", ""MADGOVERNMENTOFFICE"", ""MAD_GOVERNMENT_OFFICE"", ""MGO""]",285.86,171.52,none,,"[""HAIL"", ""NJRAN"", ""YANBU""]"
M0281,Mak Mall 79,مول مكة 79,shopping,True,"[""MAK MALL 79"", ""MAKMALL79"", ""MAK_MALL_79"", ""MM7"", ""SP*MAKMALL7""]",538.62,323.17,none,,"[""KHOBAR"", ""MAD"", ""MAK"", ""RYD""]"
M0282,Jizan Gas Station,محطة بنزين جازان,transport,False,"[""JGS"", ""JIZAN GAS STATION"", ""JIZANGASSTATION"", ""JIZAN_GAS_STATION""]",176.11,79.25,none,,"[""HAIL"", ""JIZAN""]"
M0283,Tabuk Grill,مشوي تبوك,food,False,"[""SP*TABUKGRI"", ""TABUK GRILL"", ""TABUKGRILL"", ""TABUK_GRILL"", ""TG""]",64.16,25.66,none,,"[""ABHA"", ""NJRAN""]"
M0284,Zara,زارا,shopping,True,"[""ZARA""]",63.77,38.26,none,,"[""JIZAN"", ""QASSIM""]"
M0285,Jizan Store,متجر جازان,shopping,True,"[""JIZAN STORE"", ""JIZANSTORE"", ""JIZAN_STORE"", ""JS""]",383.67,230.2,none,,"[""ABHA"", ""HAIL"", ""TABUK""]"
M0286,Yanbu Restaurant,مطعم ينبع,food,True,"[""SP*YANBURES"", ""YANBU RESTAURANT"", ""YANBURESTAURANT"", ""YANBU_RESTAURANT"", ""YR""]",49.48,19.79,none,,"[""DMM"", ""JED"", ""KHOBAR"", ""MAD"", ""MAK"", ""RYD""]"
M0287,Jarir,جرير,shopping,True,"[""JARIR"", ""JARIR BOOKSTORE""]",441.37,264.82,none,,"[""DMM"", ""JED"", ""KHOBAR"", ""MAD"", ""RYD""]"
M0288,Qassim Service Center,مركز خدمة القصيم,government,False,"[""QASSIM SERVICE CENTER"", ""QASSIMSERVICECENTER"", ""QASSIM_SERVICE_CENTER"", ""QSC""]",424.09,254.45,none,,"[""RYD""]"
M0289,Qassim Restaurant 79,مطعم القصيم 79,food,False,"[""QASSIM RESTAURANT 79"", ""QASSIMRESTAURANT79"", ""QASSIM_RESTAURANT_79"", ""QR7"", ""SP*QASSIMRE""]",77.21,30.88,none,TOYOU,"[""KHOBAR"", ""RYD""]"
M0290,IKEA,ايكيا,shopping,True,"[""IKEA""]",114.82,68.89,none,,"[""JED"", ""KHOBAR"", ""MAD""]"
M0291,Njran Shop,محل نجران,shopping,False,"[""NJRAN SHOP"", ""NJRANSHOP"", ""NJRAN_SHOP"", ""NS""]",579.87,347.92,none,,"[""JED""]"
M0292,Barn's,بارنز,food,False,"[""BARNS"", ""BARN'S CAFE""]",31.15,12.46,none,,"[""JED""]"
M0293,Sanid,سند,charity,True,"[""SANID""]",91.28,54.77,none,,"[""ABHA"", ""NJRAN"", ""RYD""]"
M0294,Nana Direct,نعناع,groceries,True,"[""NANA DIRECT"", ""NANADIRECT"", ""NANA_DIRECT"", ""ND""]",117.14,58.57,none,,"[""KHOBAR"", ""TABUK""]"
M0295,Abha Mart,تموينات أبها,groceries,False,"[""ABHA MART"", ""ABHAMART"", ""ABHA_MART"", ""AM"", ""SP*ABHAMART""]",258.65,129.32,none,,"[""JIZAN""]"
M0296,Tif Supermarket 45,سوبر ماركت الطائف 45,groceries,True,"[""SP*TIFSUPER"", ""TIF SUPERMARKET 45"", ""TIFSUPERMARKET45"", ""TIF_SUPERMARKET_45"", ""TS4""]",166.03,83.02,none,,"[""JED"", ""KHOBAR"", ""MAD"", ""MAK"", ""RYD""]"
M0297,Khobar Kitchen,مطبخ الخبر,food,False,"[""KHOBAR KITCHEN"", ""KHOBARKITCHEN"", ""KHOBAR_KITCHEN"", ""KK""]",60.79,24.32,none,,"[""QASSIM""]"
M0298,Abha Restaurant,مطعم أبها,food,True,"[""ABHA RESTAURANT"", ""ABHARESTAURANT"", ""ABHA_RESTAURANT"", ""AR""]",75.74,30.3,none,,"[""JED"", ""KHOBAR"", ""MAK"", ""RYD""]"
M0299,Netflix,نتفلكس,entertainment,True,"[""NETFLIX"", ""NETFLIX.COM""]",45,8,monthly,,"[""DMM"", ""MAD"", ""QASSIM""]"
M0300,Mak Club 18,نادي مكة 18,entertainment,True,"[""MAK CLUB 18"", ""MAKCLUB18"", ""MAK_CLUB_18"", ""MC1""]",26.42,7.93,none,,"[""DMM"", ""MAK"", ""RYD""]"
M0301,Dmm Store,محل بقالة الدمام,groceries,True,"[""DMM STORE"", ""DMMSTORE"", ""DMM_STORE"", ""DS""]",72.28,36.14,none,,"[""DMM"", ""JED"", ""KHOBAR"", ""MAD"", ""MAK"", ""RYD""]"
M0302,Tabuk Utility Co 41,مرافق تبوك 41,bills,False,"[""SP*TABUKUTI"", ""TABUK UTILITY CO 41"", ""TABUKUTILITYCO41"", ""TABUK_UTILITY_CO_41"", ""TUC4""]",283.74,99.31,monthly,,"[""JIZAN""]"
M0303,Jizan Cinema,سينما جازان,entertainment,True,"[""JC"", ""JIZAN CINEMA"", ""JIZANCINEMA"", ""JIZAN_CINEMA""]",82.0,24.6,none,,"[""DMM"", ""JED"", ""KHOBAR"", ""MAD"", ""RYD""]"
M0304,Dmm Boutique,بوتيك الدمام,shopping,False,"[""DB"", ""DMM BOUTIQUE"", ""DMMBOUTIQUE"", ""DMM_BOUTIQUE"", ""SP*DMMBOUTI""]",569.36,341.62,none,,"[""MAD""]"
M0305,Tif Tours 6,رحلات الطائف 6,travel,False,"[""SP*TIFTOURS"", ""TIF TOURS 6"", ""TIFTOURS6"", ""TIF_TOURS_6"", ""TT6""]",300.42,150.21,none,,"[""HAIL"", ""MAD"", ""TABUK""]"
M0306,Jed Pharmacy 39,صيدلية جدة 39,health,True,"[""JED PHARMACY 39"", ""JEDPHARMACY39"", ""JED_PHARMACY_39"", ""JP3"", ""SP*JEDPHARM""]",139.67,69.83,none,,"[""DMM"", ""JED"", ""KHOBAR"", ""MAD"", ""MAK"", ""RYD""]"
M0307,Njran Gas Station,محطة بنزين نجران,transport,False,"[""NGS"", ""NJRAN GAS STATION"", ""NJRANGASSTATION"", ""NJRAN_GAS_STATION""]",147.25,66.26,none,,"[""ABHA"", ""JIZAN"", ""QASSIM""]"
M0308,Spotify,سبوتيفاي,entertainment,False,"[""SPOTIFY""]",66.31,19.89,monthly,,"[""DMM"", ""TIF"", ""YANBU""]"
M0309,Ryd Fuel Station,محطة وقود الرياض,transport,True,"[""RFS"", ""RYD FUEL STATION"", ""RYDFUELSTATION"", ""RYD_FUEL_STATION""]",68.75,30.94,none,,"[""JIZAN"", ""MAD"", ""NJRAN""]"
M0310,Ryd Travel Agency,وكالة سفريات الرياض,travel,True,"[""RTA"", ""RYD TRAVEL AGENCY"", ""RYDTRAVELAGENCY"", ""RYD_TRAVEL_AGENCY""]",2388.08,1194.04,none,,"[""DMM"", ""MAD""]"
M0311,Khobar Game Zone,صالة ألعاب الخبر,entertainment,True,"[""KGZ"", ""KHOBAR GAME ZONE"", ""KHOBARGAMEZONE"", ""KHOBAR_GAME_ZONE""]",83.14,24.94,none,,"[""RYD"", ""TIF""]"
M0312,Muqeem,مقيم,government,False,"[""MUQEEM"", ""SP*MUQEEM""]",309.08,185.45,none,,"[""NJRAN""]"
M0313,Dmm Pharmacy,صيدلية الدمام,health,False,"[""DMM PHARMACY"", ""DMMPHARMACY"", ""DMM_PHARMACY"", ""DP"", ""SP*DMMPHARM""]",369.55,184.78,none,,"[""HAIL"", ""JED""]"
M0314,Dmm Mart,تموينات الدمام,groceries,True,"[""DM"", ""DMM MART"", ""DMMMART"", ""DMM_MART""]",67.62,33.81,none,,"[""JED"", ""MAK"", ""RYD""]"
M0315,Yanbu Store 58,متجر ينبع 58,shopping,True,"[""YANBU STORE 58"", ""YANBUSTORE58"", ""YANBU_STORE_58"", ""YS5""]",694.78,416.87,none,,"[""HAIL""]"
M0316,Tim Hortons,تيم هورتنز,food,True,"[""TH"", ""TIM HORTONS"", ""TIMHORTONS"", ""TIM_HORTONS""]",47.86,19.14,none,,"[""HAIL"", ""QASSIM"", ""RYD""]"
M0317,Tabuk Pharmacy,صيدلية تبوك,health,False,"[""TABUK PHARMACY"", ""TABUKPHARMACY"", ""TABUK_PHARMACY"", ""TP""]",89.07,44.53,none,,"[""KHOBAR""]"
M0318,Tabuk Academy,أكاديمية تبوك,education,True,"[""TA"", ""TABUK ACADEMY"", ""TABUKACADEMY"", ""TABUK_ACADEMY""]",1053.96,526.98,none,,"[""MAD""]"
M0319,Yanbu Grill,مشوي ينبع,food,True,"[""YANBU GRILL"", ""YANBUGRILL"", ""YANBU_GRILL"", ""YG""]",68.75,27.5,none,,"[""ABHA"", ""MAK""]"
M0320,Tif Pharmacy 82,صيدلية الطائف 82,health,True,"[""TIF PHARMACY 82"", ""TIFPHARMACY82"", ""TIF_PHARMACY_82"", ""TP8""]",279.92,139.96,none,,"[""JED""]"
M0321,Njran Mall,مول نجران,shopping,True,"[""NJRAN MALL"", ""NJRANMALL"", ""NJRAN_MALL"", ""NM""]",525.42,315.25,none,,"[""DMM"", ""JED"", ""KHOBAR"", ""MAK"", ""RYD""]"
M0322,Jed Travel Agency,وكالة سفريات جدة,travel,True,"[""JED TRAVEL AGENCY"", ""JEDTRAVELAGENCY"", ""JED_TRAVEL_AGENCY"", ""JTA""]",645.99,323.0,none,,"[""DMM"", ""JED"", ""KHOBAR"", ""MAD"", ""MAK"", ""RYD""]"
M0323,Njran Diner,مطعم شعبي نجران,food,True,"[""ND"", ""NJRAN DINER"", ""NJRANDINER"", ""NJRAN_DINER"", ""SP*NJRANDIN""]",29.26,11.7,none,,"[""DMM"", ""HAIL"", ""YANBU""]"
M0324,Etihad Atheeb,اتحاد عذيب,telecom,True,"[""EA"", ""ETIHAD ATHEEB"", ""ETIHADATHEEB"", ""ETIHAD_ATHEEB""]",142.93,42.88,monthly,,"[""DMM"", ""JED"", ""KHOBAR"", ""MAD"", ""MAK""]"
M0325,Njran Shop 89,محل نجران 89,shopping,False,"[""NJRAN SHOP 89"", ""NJRANSHOP89"", ""NJRAN_SHOP_89"", ""NS8""]",89.4,53.64,none,,"[""JED"", ""RYD""]"
M0326,Dmm Bakery,مخبز الدمام,food,True,"[""DB"", ""DMM BAKERY"", ""DMMBAKERY"", ""DMM_BAKERY""]",53.5,21.4,none,HUNGERSTATION,"[""RYD"", ""TIF""]"
M0327,Mak Mart 70,تموينات مكة 70,groceries,True,"[""MAK MART 70"", ""MAKMART70"", ""MAK_MART_70"", ""MM7"", ""SP*MAKMART7""]",222.99,111.5,none,,"[""DMM"", ""JED"", ""KHOBAR"", ""RYD""]"
M0328,Mobily,موبايلي,telecom,True,"[""MOBILY""]",201.16,60.35,monthly,,"[""HAIL""]"
M0329,Costa Coffee,كوستا كوفي,food,False,"[""CC"", ""COSTA COFFEE"", ""COSTACOFFEE"", ""COSTA_COFFEE""]",37.45,14.98,none,,"[""MAD""]"
M0330,SACO,ساكو,shopping,True,"[""SACO""]",640.43,384.26,none,,"[""HAIL""]"
M0331,Mad Store 37,متجر المدينة 37,shopping,True,"[""MAD STORE 37"", ""MADSTORE37"", ""MAD_STORE_37"", ""MS3"", ""SP*MADSTORE""]",290.68,174.41,none,,"[""DMM"", ""RYD"", ""TIF""]"
M0332,Qassim Travel Agency,وكالة سفريات القصيم,travel,False,"[""QASSIM TRAVEL AGENCY"", ""QASSIMTRAVELAGENCY"", ""QASSIM_TRAVEL_AGENCY"", ""QTA""]",1440.52,720.26,none,,"[""YANBU""]"
M0333,Dmm Mall,مول الدمام,shopping,True,"[""DM"", ""DMM MALL"", ""DMMMALL"", ""DMM_MALL""]",594.18,356.51,none,,"[""NJRAN"", ""TIF""]"
M0334,Mak Taxi Service,تاكسي مكة,transport,False,"[""MAK TAXI SERVICE"", ""MAKTAXISERVICE"", ""MAK_TAXI_SERVICE"", ""MTS""]",217.43,97.84,none,,"[""MAD"", ""YANBU""]"
M0335,Dmm Shop,محل الدمام,shopping,True,"[""DMM SHOP"", ""DMMSHOP"", ""DMM_SHOP"", ""DS"", ""SP*DMMSHOP""]",192.58,115.55,none,,"[""JED"", ""MAD""]"
M0336,Ryd Restaurant,مطعم الرياض,food,True,"[""RR"", ""RYD RESTAURANT"", ""RYDRESTAURANT"", ""RYD_RESTAURANT"", ""SP*RYDRESTA""]",51.95,20.78,none,,"[""DMM"", ""JED"", ""KHOBAR"", ""MAD"", ""MAK"", ""RYD""]"
M0337,Danube,الدانوب,groceries,True,"[""DANUBE""]",263.53,131.76,none,,"[""TABUK""]"
M0338,Ryd Charity,جمعية خيرية الرياض,charity,False,"[""RC"", ""RYD CHARITY"", ""RYDCHARITY"", ""RYD_CHARITY""]",169.75,101.85,none,,"[""MAD""]"
M0339,Khobar Telecom,اتصالات الخبر,telecom,False,"[""KHOBAR TELECOM"", ""KHOBARTELECOM"", ""KHOBAR_TELECOM"", ""KT""]",125.25,37.57,monthly,,"[""JED"", ""MAK""]"
M0340,Mad Tours,رحلات المدينة,travel,True,"[""MAD TOURS"", ""MADTOURS"", ""MAD_TOURS"", ""MT"", ""SP*MADTOURS""]",549.52,274.76,none,,"[""DMM"", ""KHOBAR"", ""MAD"", ""MAK"", ""RYD""]"
M0341,Qassim Restaurant 77,مطعم القصيم 77,food,False,"[""QASSIM RESTAURANT 77"", ""QASSIMRESTAURANT77"", ""QASSIM_RESTAURANT_77"", ""QR7""]",57.13,22.85,none,,"[""JIZAN"", ""NJRAN"", ""TIF""]"
M0342,Kudu,كودو,food,True,"[""KUDU""]",31.53,12.61,none,,"[""NJRAN""]"
M0343,Ryd Bakery 78,مخبز الرياض 78,food,True,"[""RB7"", ""RYD BAKERY 78"", ""RYDBAKERY78"", ""RYD_BAKERY_78""]",22.77,9.11,none,MRSOOL,"[""DMM"", ""KHOBAR"", ""MAD""]"
M0344,Salam,سلام,telecom,True,"[""SALAM""]",189.18,56.75,monthly,,"[""DMM"", ""JED"", ""KHOBAR"", ""MAD""]"
M0345,Ryd Cinema,سينما الرياض,entertainment,True,"[""RC"", ""RYD CINEMA"", ""RYDCINEMA"", ""RYD_CINEMA""]",28.29,8.49,none,,"[""DMM"", ""KHOBAR"", ""MAD"", ""MAK"", ""RYD""]"
M0346,HungerStation,هنقرستيشن,food,True,"[""HUNGERSTATION"", ""HUNGER STATION"", ""HS*""]",56.4,22.56,none,,"[""KHOBAR"", ""TABUK"", ""YANBU""]"
M0347,Abha Store,متجر أبها,shopping,True,"[""ABHA STORE"", ""ABHASTORE"", ""ABHA_STORE"", ""AS"", ""SP*ABHASTOR""]",282.91,169.75,none,,"[""JED"", ""KHOBAR""]"
M0348,Ryd Diner,مطعم شعبي الرياض,food,True,"[""RD"", ""RYD DINER"", ""RYDDINER"", ""RYD_DINER""]",24.44,9.78,none,HUNGERSTATION,"[""DMM"", ""JED"", ""MAD"", ""RYD""]"
M0349,Careem,كريم,transport,True,"[""CAREEM"", ""CAREEM*""]",65.13,29.31,none,,"[""JIZAN"", ""MAD"", ""TABUK""]"
M0350,McDonald's,ماكدونالدز,food,True,"[""MCD"", ""MCDONALDS"", ""MCD*"", ""SP*MCD""]",35,15,none,,"[""DMM"", ""JED"", ""KHOBAR"", ""MAD"", ""RYD""]"
M0351,Jizan Mart,تموينات جازان,groceries,False,"[""JIZAN MART"", ""JIZANMART"", ""JIZAN_MART"", ""JM"", ""SP*JIZANMAR""]",207.54,103.77,none,,"[""NJRAN""]"
M0352,Qassim Supermarket,سوبر ماركت القصيم,groceries,False,"[""QASSIM SUPERMARKET"", ""QASSIMSUPERMARKET"", ""QASSIM_SUPERMARKET"", ""QS""]",198.73,99.36,none,,"[""ABHA""]"
M0353,Mak Mart 37,تموينات مكة 37,groceries,True,"[""MAK MART 37"", ""MAKMART37"", ""MAK_MART_37"", ""MM3""]",125.21,62.6,none,,"[""DMM"", ""JED"", ""KHOBAR"", ""MAD"", ""RYD""]"
M0354,Njran Cinema,سينما نجران,entertainment,True,"[""NC"", ""NJRAN CINEMA"", ""NJRANCINEMA"", ""NJRAN_CINEMA""]",53.19,15.96,none,,"[""DMM"", ""JED"", ""KHOBAR"", ""MAD"", ""MAK"", ""RYD""]"
M0355,Yanbu Eatery 81,مطعم صغير ينبع 81,food,False,"[""YANBU EATERY 81"", ""YANBUEATERY81"", ""YANBU_EATERY_81"", ""YE8""]",52.33,20.93,none,TOYOU,"[""HAIL"", ""MAD""]"
M0356,Abha Pharmacy,صيدلية أبها,health,True,"[""ABHA PHARMACY"", ""ABHAPHARMACY"", ""ABHA_PHARMACY"", ""AP""]",271.03,135.51,none,,"[""JED"", ""KHOBAR"", ""MAK""]"
M0357,Njran Kitchen 38,مطبخ نجران 38,food,True,"[""NJRAN KITCHEN 38"", ""NJRANKITCHEN38"", ""NJRAN_KITCHEN_38"", ""NK3""]",73.56,29.42,none,,"[""DMM"", ""JED"", ""KHOBAR"", ""MAD"", ""MAK""]"
M0358,Al Nahda Schools,مدارس النهضة,education,True,"[""AL NAHDA SCHOOLS"", ""ALNAHDASCHOOLS"", ""AL_NAHDA_SCHOOLS"", ""ANS""]",2086.96,1043.48,none,,"[""DMM"", ""JED"", ""KHOBAR"", ""MAD"", ""MAK"", ""RYD""]"
M0359,Mad Outlet,آوتلت المدينة,shopping,True,"[""MAD OUTLET"", ""MADOUTLET"", ""MAD_OUTLET"", ""MO""]",673.95,404.37,none,,"[""DMM"", ""MAD"", ""MAK"", ""RYD""]"
M0360,Mad Store,متجر المدينة,shopping,False,"[""MAD STORE"", ""MADSTORE"", ""MAD_STORE"", ""MS"", ""SP*MADSTORE""]",112.5,67.5,none,,"[""DMM"", ""HAIL"", ""NJRAN""]"
M0361,Yanbu Eatery 7,مطعم صغير ينبع 7,food,True,"[""YANBU EATERY 7"", ""YANBUEATERY7"", ""YANBU_EATERY_7"", ""YE7""]",50.47,20.19,none,,"[""ABHA"", ""DMM"", ""RYD""]"
M0362,Khobar Mall 51,مول الخبر 51,shopping,False,"[""KHOBAR MALL 51"", ""KHOBARMALL51"", ""KHOBAR_MALL_51"", ""KM5""]",435.68,261.41,none,,"[""DMM"", ""TABUK""]"
M0363,Khobar Government Office,مكتب حكومي الخبر,government,False,"[""KGO"", ""KHOBAR GOVERNMENT OFFICE"", ""KHOBARGOVERNMENTOFFICE"", ""KHOBAR_GOVERNMENT_OFFICE""]",288.91,173.35,none,,"[""ABHA"", ""NJRAN""]"
M0364,Khobar Grocery,بقالة الخبر,groceries,True,"[""KG"", ""KHOBAR GROCERY"", ""KHOBARGROCERY"", ""KHOBAR_GROCERY"", ""SP*KHOBARGR""]",225.38,112.69,none,,"[""KHOBAR"", ""MAD"", ""MAK""]"
M0365,Mad Store 91,متجر المدينة 91,shopping,False,"[""MAD STORE 91"", ""MADSTORE91"", ""MAD_STORE_91"", ""MS9""]",219.79,131.87,none,,"[""NJRAN""]"
M0366,Hail Supermarket 74,سوبر ماركت حائل 74,groceries,True,"[""HAIL SUPERMARKET 74"", ""HAILSUPERMARKET74"", ""HAIL_SUPERMARKET_74"", ""HS7"", ""SP*HAILSUPE""]",310.5,155.25,none,,"[""HAIL"", ""MAD"", ""MAK""]"
M0367,Hail Grill,مشوي حائل,food,False,"[""HAIL GRILL"", ""HAILGRILL"", ""HAIL_GRILL"", ""HG""]",19.73,7.89,none,,"[""MAK"", ""RYD""]"
M0368,Khobar Diner,مطعم شعبي الخبر,food,False,"[""KD"", ""KHOBAR DINER"", ""KHOBARDINER"", ""KHOBAR_DINER""]",76.42,30.57,none,HUNGERSTATION,"[""DMM"", ""MAK""]"
M0369,Khobar Medical Center,مركز طبي الخبر,health,False,"[""KHOBAR MEDICAL CENTER"", ""KHOBARMEDICALCENTER"", ""KHOBAR_MEDICAL_CENTER"", ""KMC"", ""SP*KHOBARME""]",196.15,98.08,none,,"[""DMM"", ""KHOBAR""]"
M0370,Ryd Kitchen,مطبخ الرياض,food,True,"[""RK"", ""RYD KITCHEN"", ""RYDKITCHEN"", ""RYD_KITCHEN"", ""SP*RYDKITCH""]",30.84,12.34,none,,"[""JED"", ""KHOBAR"", ""MAK""]"
M0371,Njran Eatery,مطعم صغير نجران,food,True,"[""NE"", ""NJRAN EATERY"", ""NJRANEATERY"", ""NJRAN_EATERY"", ""SP*NJRANEAT""]",46.4,18.56,none,HUNGERSTATION,"[""HAIL""]"
M0372,Hail Mart,تموينات حائل,groceries,True,"[""HAIL MART"", ""HAILMART"", ""HAIL_MART"", ""HM"", ""SP*HAILMART""]",229.22,114.61,none,,"[""JED"", ""MAD"", ""MAK"", ""RYD""]"
M0373,Mak Mall,مول مكة,shopping,True,"[""MAK MALL"", ""MAKMALL"", ""MAK_MALL"", ""MM""]",162.49,97.49,none,,"[""NJRAN""]"
M0374,Tabuk Store 65,متجر تبوك 65,shopping,False,"[""TABUK STORE 65"", ""TABUKSTORE65"", ""TABUK_STORE_65"", ""TS6""]",663.82,398.29,none,,"[""HAIL"", ""JIZAN""]"
M0375,Virgin Megastore,فيرجن ميجاستور,shopping,True,"[""SP*VIRGINME"", ""VIRGIN MEGASTORE"", ""VIRGINMEGASTORE"", ""VIRGIN_MEGASTORE"", ""VM""]",614.78,368.87,none,,"[""DMM"", ""JED"", ""KHOBAR"", ""MAD"", ""MAK""]"
M0376,Tif Medical Center 52,مركز طبي الطائف 52,health,False,"[""TIF MEDICAL CENTER 52"", ""TIFMEDICALCENTER52"", ""TIF_MEDICAL_CENTER_52"", ""TMC5""]",389.78,194.89,none,,"[""NJRAN""]"
M0377,Jizan Cafe,مقهى جازان,food,True,"[""JC"", ""JIZAN CAFE"", ""JIZANCAFE"", ""JIZAN_CAFE"", ""SP*JIZANCAF""]",27.94,11.18,none,,"[""DMM"", ""JED"", ""KHOBAR"", ""MAD""]"
M0378,Qassim Parking 70,موقف سيارات القصيم 70,transport,True,"[""QASSIM PARKING 70"", ""QASSIMPARKING70"", ""QASSIM_PARKING_70"", ""QP7""]",81.34,36.6,none,,"[""DMM"", ""KHOBAR"", ""MAD"", ""RYD""]"
M0379,Qassim Mart 80,تموينات القصيم 80,groceries,False,"[""QASSIM MART 80"", ""QASSIMMART80"", ""QASSIM_MART_80"", ""QM8""]",79.07,39.53,none,,"[""ABHA"", ""JIZAN"", ""QASSIM""]"
M0380,Yanbu Outlet,آوتلت ينبع,shopping,False,"[""YANBU OUTLET"", ""YANBUOUTLET"", ""YANBU_OUTLET"", ""YO""]",272.01,163.21,none,,"[""QASSIM""]"
M0381,PlayStation Store,بلايستيشن ستور,entertainment,True,"[""PLAYSTATION STORE"", ""PLAYSTATIONSTORE"", ""PLAYSTATION_STORE"", ""PS"", ""SP*PLAYSTAT""]",80.31,24.09,monthly,,"[""DMM"", ""KHOBAR"", ""MAD"", ""MAK"", ""RYD""]"
M0382,Saudi German Hospital,المستشفى السعودي الألماني,health,True,"[""SAUDI GERMAN HOSPITAL"", ""SAUDIGERMANHOSPITAL"", ""SAUDI_GERMAN_HOSPITAL"", ""SGH""]",40.78,20.39,none,,"[""JIZAN"", ""TIF""]"
M0383,Al Tazaj,التازج,food,True,"[""AL TAZAJ"", ""ALTAZAJ"", ""AL_TAZAJ"", ""AT""]",42.35,16.94,none,,"[""DMM"", ""JED"", ""KHOBAR"", ""MAD"", ""RYD""]"
M0384,Mak Mart 76,تموينات مكة 76,groceries,True,"[""MAK MART 76"", ""MAKMART76"", ""MAK_MART_76"", ""MM7""]",74.66,37.33,none,,"[""ABHA"", ""HAIL"", ""MAD""]"
M0385,Abha Mall 11,مول أبها 11,shopping,True,"[""ABHA MALL 11"", ""ABHAMALL11"", ""ABHA_MALL_11"", ""AM1""]",685.73,411.44,none,,"[""TIF""]"
M0386,Tabuk Travel Agency 89,وكالة سفريات تبوك 89,travel,True,"[""TABUK TRAVEL AGENCY 89"", ""TABUKTRAVELAGENCY89"", ""TABUK_TRAVEL_AGENCY_89"", ""TTA8""]",2118.2,1059.1,none,,"[""DMM"", ""JED"", ""KHOBAR"", ""MAD"", ""MAK"", ""RYD""]"
M0387,Ryd Supermarket,سوبر ماركت الرياض,groceries,True,"[""RS"", ""RYD SUPERMARKET"", ""RYDSUPERMARKET"", ""RYD_SUPERMARKET""]",82.92,41.46,none,,"[""JIZAN"", ""TABUK""]"
M0388,Hail Utility Co,مرافق حائل,bills,True,"[""HAIL UTILITY CO"", ""HAILUTILITYCO"", ""HAIL_UTILITY_CO"", ""HUC""]",208.75,73.06,monthly,,"[""JED"", ""KHOBAR"", ""MAK"", ""RYD""]"
M0389,Ryd Eatery,مطعم صغير الرياض,food,True,"[""RE"", ""RYD EATERY"", ""RYDEATERY"", ""RYD_EATERY""]",32.68,13.07,none,,"[""DMM"", ""JED"", ""KHOBAR""]"
M0390,Mad Boutique,بوتيك المدينة,shopping,False,"[""MAD BOUTIQUE"", ""MADBOUTIQUE"", ""MAD_BOUTIQUE"", ""MB""]",272.62,163.57,none,,"[""ABHA"", ""KHOBAR""]"
M0391,Qassim Shop,محل القصيم,shopping,False,"[""QASSIM SHOP"", ""QASSIMSHOP"", ""QASSIM_SHOP"", ""QS""]",621.48,372.89,none,,"[""KHOBAR"", ""TABUK""]"
M0392,Yanbu Academy,أكاديمية ينبع,education,True,"[""SP*YANBUACA"", ""YA"", ""YANBU ACADEMY"", ""YANBUACADEMY"", ""YANBU_ACADEMY""]",2087.7,1043.85,none,,"[""DMM"", ""JED"", ""KHOBAR"", ""MAD"", ""MAK"", ""RYD""]"
M0393,Mad Medical Center,مركز طبي المدينة,health,True,"[""MAD MEDICAL CENTER"", ""MADMEDICALCENTER"", ""MAD_MEDICAL_CENTER"", ""MMC""]",83.49,41.74,none,,"[""JED"", ""NJRAN"", ""YANBU""]"
M0394,Mak Institute,معهد مكة,education,False,"[""MAK INSTITUTE"", ""MAKINSTITUTE"", ""MAK_INSTITUTE"", ""MI""]",832.86,416.43,none,,"[""DMM"", ""HAIL"", ""JIZAN""]"
M0395,Khobar Medical Center 54,مركز طبي الخبر 54,health,False,"[""KHOBAR MEDICAL CENTER 54"", ""KHOBARMEDICALCENTER54"", ""KHOBAR_MEDICAL_CENTER_54"", ""KMC5""]",277.69,138.84,none,,"[""QASSIM"", ""YANBU""]"
M0396,Ryd Pharmacy,صيدلية الرياض,health,False,"[""RP"", ""RYD PHARMACY"", ""RYDPHARMACY"", ""RYD_PHARMACY""]",416.84,208.42,none,,"[""HAIL""]"
M0397,Mad Cinema,سينما المدينة,entertainment,False,"[""MAD CINEMA"", ""MADCINEMA"", ""MAD_CINEMA"", ""MC""]",35.96,10.79,none,,"[""NJRAN"", ""YANBU""]"
M0398,Tif Academy,أكاديمية الطائف,education,True,"[""SP*TIFACADE"", ""TA"", ""TIF ACADEMY"", ""TIFACADEMY"", ""TIF_ACADEMY""]",1214.19,607.1,none,,"[""DMM"", ""MAD"", ""MAK""]"
M0399,Yanbu Boutique 59,بوتيك ينبع 59,shopping,True,"[""SP*YANBUBOU"", ""YANBU BOUTIQUE 59"", ""YANBUBOUTIQUE59"", ""YANBU_BOUTIQUE_59"", ""YB5""]",611.81,367.09,none,,"[""NJRAN""]"
M0400,Tabuk Mall,مول تبوك,shopping,False,"[""SP*TABUKMAL"", ""TABUK MALL"", ""TABUKMALL"", ""TABUK_MALL"", ""TM""]",612.78,367.67,none,,"[""NJRAN"", ""TIF""]"
M0401,Jizan Bistro,بيسترو جازان,food,True,"[""JB"", ""JIZAN BISTRO"", ""JIZANBISTRO"", ""JIZAN_BISTRO"", ""SP*JIZANBIS""]",17.69,7.08,none,,"[""DMM"", ""JED"", ""KHOBAR"", ""MAD"", ""RYD""]"
M0402,Yanbu Tours,رحلات ينبع,travel,False,"[""YANBU TOURS"", ""YANBUTOURS"", ""YANBU_TOURS"", ""YT""]",487.16,243.58,none,,"[""KHOBAR""]"
M0403,Tabuk Travel Agency 87,وكالة سفريات تبوك 87,travel,True,"[""TABUK TRAVEL AGENCY 87"", ""TABUKTRAVELAGENCY87"", ""TABUK_TRAVEL_AGENCY_87"", ""TTA8""]",1597.75,798.88,none,,"[""DMM"", ""JED"", ""MAD"", ""MAK"", ""RYD""]"
M0404,Qassim Academy,أكاديمية القصيم,education,False,"[""QA"", ""QASSIM ACADEMY"", ""QASSIMACADEMY"", ""QASSIM_ACADEMY"", ""SP*QASSIMAC""]",257.58,128.79,none,,"[""YANBU""]"
M0405,Abha Service Center,مركز خدمة أبها,government,True,"[""ABHA SERVICE CENTER"", ""ABHASERVICECENTER"", ""ABHA_SERVICE_CENTER"", ""ASC"", ""SP*ABHASERV""]",51.5,30.9,none,,"[""DMM"", ""JED"", ""MAD""]"
M0406,Jed Mart,تموينات جدة,groceries,False,"[""JED MART"", ""JEDMART"", ""JED_MART"", ""JM""]",166.24,83.12,none,,"[""DMM"", ""RYD"", ""TABUK""]"
M0407,Khobar Outlet,آوتلت الخبر,shopping,True,"[""KHOBAR OUTLET"", ""KHOBAROUTLET"", ""KHOBAR_OUTLET"", ""KO""]",613.01,367.81,none,,"[""DMM"", ""JED"", ""KHOBAR"", ""MAD"", ""MAK"", ""RYD""]"
M0408,Qassim Restaurant,مطعم القصيم,food,False,"[""QASSIM RESTAURANT"", ""QASSIMRESTAURANT"", ""QASSIM_RESTAURANT"", ""QR""]",21.99,8.8,none,,"[""HAIL"", ""JED""]"
M0409,Mad Clinic,عيادة المدينة,health,True,"[""MAD CLINIC"", ""MADCLINIC"", ""MAD_CLINIC"", ""MC""]",113.77,56.88,none,,"[""DMM"", ""KHOBAR"", ""MAK""]"
M0410,Al Romansiah,الرومانسية,food,True,"[""AL ROMANSIAH"", ""ALROMANSIAH"", ""AL_ROMANSIAH"", ""AR"", ""SP*ALROMANS""]",35.75,14.3,none,,"[""DMM"", ""JIZAN""]"
M0411,Qassim Training Center,مركز تدريب القصيم,education,True,"[""QASSIM TRAINING CENTER"", ""QASSIMTRAININGCENTER"", ""QASSIM_TRAINING_CENTER"", ""QTC""]",1711.56,855.78,none,,"[""DMM"", ""JED"", ""KHOBAR"", ""MAD"", ""RYD""]"
M0412,Tif Parking,موقف سيارات الطائف,transport,False,"[""SP*TIFPARKI"", ""TIF PARKING"", ""TIFPARKING"", ""TIF_PARKING"", ""TP""]",64.14,28.86,none,,"[""KHOBAR""]"
M0413,Tawakkalna,توكلنا,government,True,"[""TAWAKKALNA""]",37.14,22.28,none,,"[""DMM"", ""JED"", ""KHOBAR"", ""MAD"", ""RYD""]"
M0414,Hardee's,هارديز,food,False,"[""HARDEES""]",84.48,33.79,none,MRSOOL,"[""MAK"", ""TIF""]"
M0415,Jed Bakery,مخبز جدة,food,False,"[""JB"", ""JED BAKERY"", ""JEDBAKERY"", ""JED_BAKERY""]",75.54,30.22,none,,"[""HAIL"", ""NJRAN"", ""TABUK""]"
M0416,Ryd Tours,رحلات الرياض,travel,True,"[""RT"", ""RYD TOURS"", ""RYDTOURS"", ""RYD_TOURS""]",2020.51,1010.25,none,,"[""JED"", ""MAK"", ""RYD""]"
M0417,Yanbu Clinic,عيادة ينبع,health,True,"[""YANBU CLINIC"", ""YANBUCLINIC"", ""YANBU_CLINIC"", ""YC""]",382.47,191.24,none,,"[""DMM"", ""JED"", ""KHOBAR"", ""MAD"", ""RYD""]"
M0418,Zain,زين,telecom,True,"[""ZAIN""]",82.0,24.6,monthly,,"[""JED"", ""NJRAN"", ""TIF""]"
M0419,Tif Gas Station 72,محطة بنزين الطائف 72,transport,True,"[""TGS7"", ""TIF GAS STATION 72"", ""TIFGASSTATION72"", ""TIF_GAS_STATION_72""]",90.95,40.93,none,,"[""KHOBAR"", ""MAD""]"
M0420,Jed Restaurant,مطعم جدة,food,True,"[""JED RESTAURANT"", ""JEDRESTAURANT"", ""JED_RESTAURANT"", ""JR""]",48.06,19.22,none,,"[""DMM"", ""JED"", ""KHOBAR"", ""MAK"", ""RYD""]"
M0421,Qassim Mall,مول القصيم,shopping,False,"[""QASSIM MALL"", ""QASSIMMALL"", ""QASSIM_MALL"", ""QM""]",321.85,193.11,none,,"[""ABHA"", ""NJRAN"", ""YANBU""]"
M0422,Hail Cinema 94,سينما حائل 94,entertainment,True,"[""HAIL CINEMA 94"", ""HAILCINEMA94"", ""HAIL_CINEMA_94"", ""HC9"", ""SP*HAILCINE""]",57.33,17.2,none,,"[""JIZAN"", ""TIF""]"
M0423,Shahid,شاهد,entertainment,True,"[""SHAHID"", ""SHAHID VIP""]",40,6,monthly,,"[""MAK"", ""QASSIM""]"
M0424,Khobar Mobile Shop,محل جوالات الخبر,telecom,True,"[""KHOBAR MOBILE SHOP"", ""KHOBARMOBILESHOP"", ""KHOBAR_MOBILE_SHOP"", ""KMS""]",121.66,36.5,monthly,,"[""DMM"", ""JED"", ""KHOBAR"", ""MAD"", ""MAK"", ""RYD""]"
M0425,Khobar Club,نادي الخبر,entertainment,True,"[""KC"", ""KHOBAR CLUB"", ""KHOBARCLUB"", ""KHOBAR_CLUB""]",73.47,22.04,none,,"[""KHOBAR""]"
M0426,Ryd Eatery 49,مطعم صغير الرياض 49,food,True,"[""RE4"", ""RYD EATERY 49"", ""RYDEATERY49"", ""RYD_EATERY_49""]",16.22,6.49,none,,"[""JED"", ""NJRAN"", ""TABUK""]"
M0427,Hail Game Zone 26,صالة ألعاب حائل 26,entertainment,True,"[""HAIL GAME ZONE 26"", ""HAILGAMEZONE26"", ""HAIL_GAME_ZONE_26"", ""HGZ2""]",74.76,22.43,none,,"[""HAIL"", ""KHOBAR"", ""TIF""]"
M0428,Njran Store,محل بقالة نجران,groceries,False,"[""NJRAN STORE"", ""NJRANSTORE"", ""NJRAN_STORE"", ""NS""]",68.78,34.39,none,,"[""HAIL"", ""MAD"", ""YANBU""]"
M0429,Dmm Medical Center,مركز طبي الدمام,health,True,"[""DMC"", ""DMM MEDICAL CENTER"", ""DMMMEDICALCENTER"", ""DMM_MEDICAL_CENTER""]",362.57,181.28,none,,"[""DMM"", ""JED"", ""RYD""]"
M0430,Jizan Store 90,متجر جازان 90,shopping,True,"[""JIZAN STORE 90"", ""JIZANSTORE90"", ""JIZAN_STORE_90"", ""JS9""]",380.51,228.31,none,,"[""DMM"", ""KHOBAR"", ""MAD"", ""MAK"", ""RYD""]"
M0431,Dmm Restaurant,مطعم الدمام,food,True,"[""DMM RESTAURANT"", ""DMMRESTAURANT"", ""DMM_RESTAURANT"", ""DR""]",77.23,30.89,none,MRSOOL,"[""DMM"", ""KHOBAR"", ""RYD""]"
M0432,NWC (water),المياه الوطنية,bills,True,"[""NWC"", ""SADAD-NWC""]",110,40,monthly,,"[""DMM"", ""KHOBAR"", ""MAD"", ""MAK"", ""RYD""]"
M0433,Ryd Boutique,بوتيك الرياض,shopping,False,"[""RB"", ""RYD BOUTIQUE"", ""RYDBOUTIQUE"", ""RYD_BOUTIQUE""]",353.41,212.05,none,,"[""JED"", ""YANBU""]"
M0434,Njran Club,نادي نجران,entertainment,False,"[""NC"", ""NJRAN CLUB"", ""NJRANCLUB"", ""NJRAN_CLUB"", ""SP*NJRANCLU""]",26.88,8.06,none,,"[""YANBU""]"
M0435,Jizan Grocery,بقالة جازان,groceries,True,"[""JG"", ""JIZAN GROCERY"", ""JIZANGROCERY"", ""JIZAN_GROCERY""]",110.77,55.38,none,,"[""DMM"", ""JED"", ""KHOBAR"", ""MAD"", ""MAK"", ""RYD""]"
M0436,Subway,صب واي,food,True,"[""SP*SUBWAY"", ""SUBWAY""]",27.35,10.94,none,,"[""DMM"", ""JED"", ""MAD"", ""MAK"", ""RYD""]"
M0437,Tabuk Game Zone,صالة ألعاب تبوك,entertainment,True,"[""SP*TABUKGAM"", ""TABUK GAME ZONE"", ""TABUKGAMEZONE"", ""TABUK_GAME_ZONE"", ""TGZ""]",32.66,9.8,none,,"[""ABHA"", ""JED"", ""TABUK""]"
M0438,Dmm Gas Station,محطة بنزين الدمام,transport,True,"[""DGS"", ""DMM GAS STATION"", ""DMMGASSTATION"", ""DMM_GAS_STATION"", ""SP*DMMGASST""]",133.66,60.15,none,,"[""DMM"", ""JED"", ""KHOBAR"", ""MAD"", ""MAK"", ""RYD""]"
M0439,Jed Mall 74,مول جدة 74,shopping,True,"[""JED MALL 74"", ""JEDMALL74"", ""JED_MALL_74"", ""JM7""]",476.01,285.61,none,,"[""DMM"", ""JIZAN"", ""TIF""]"
M0440,Udemy,يوديمي,education,True,"[""SP*UDEMY"", ""UDEMY""]",1545.46,772.73,monthly,,"[""DMM"", ""KHOBAR"", ""MAD"", ""MAK"", ""RYD""]"
M0441,Half Million,نص مليون,food,True,"[""HALF MILLION"", ""HALFMILLION""]",43.49,17.4,none,,"[""HAIL"", ""MAD"", ""TIF""]"
M0442,Pizza Hut,بيتزا هت,food,True,"[""PH"", ""PIZZA HUT"", ""PIZZAHUT"", ""PIZZA_HUT""]",50.03,20.01,none,,"[""RYD""]"
M0443,Jed Pharmacy,صيدلية جدة,health,True,"[""JED PHARMACY"", ""JEDPHARMACY"", ""JED_PHARMACY"", ""JP"", ""SP*JEDPHARM""]",216.24,108.12,none,,"[""DMM"", ""KHOBAR"", ""MAK"", ""RYD""]"
M0444,Jed Mall 25,مول جدة 25,shopping,True,"[""JED MALL 25"", ""JEDMALL25"", ""JED_MALL_25"", ""JM2"", ""SP*JEDMALL2""]",186.13,111.68,none,,"[""HAIL"", ""QASSIM""]"
M0445,Sadad Traffic Fines,ساداد مخالفات مرورية,government,True,"[""SADAD TRAFFIC FINES"", ""SADADTRAFFICFINES"", ""SADAD_TRAFFIC_FINES"", ""STF""]",370.13,222.08,none,,"[""DMM"", ""JED"", ""KHOBAR"", ""MAD"", ""MAK"", ""RYD""]"
M0446,Mad Eatery,مطعم صغير المدينة,food,True,"[""MAD EATERY"", ""MADEATERY"", ""MAD_EATERY"", ""ME""]",41.46,16.58,none,JAHEZ,"[""DMM"", ""JED"", ""KHOBAR"", ""MAD"", ""RYD""]"
M0447,Nahdi,النهدي,health,True,"[""NAHDI"", ""AL NAHDI PHARMACY""]",430.47,215.24,none,,"[""TABUK""]"
M0448,Ryd Bistro,بيسترو الرياض,food,False,"[""RB"", ""RYD BISTRO"", ""RYDBISTRO"", ""RYD_BISTRO"", ""SP*RYDBISTR""]",65.82,26.33,none,,"[""MAD"", ""TABUK""]"
M0449,Tif Shop,محل الطائف,shopping,False,"[""SP*TIFSHOP"", ""TIF SHOP"", ""TIFSHOP"", ""TIF_SHOP"", ""TS""]",335.49,201.29,none,,"[""MAK"", ""QASSIM""]"
M0450,Jizan Mobile Shop,محل جوالات جازان,telecom,True,"[""JIZAN MOBILE SHOP"", ""JIZANMOBILESHOP"", ""JIZAN_MOBILE_SHOP"", ""JMS""]",199.58,59.87,monthly,,"[""DMM"", ""JED"", ""KHOBAR"", ""MAD"", ""MAK"", ""RYD""]"
M0451,Jizan Outlet 71,آوتلت جازان 71,shopping,True,"[""JIZAN OUTLET 71"", ""JIZANOUTLET71"", ""JIZAN_OUTLET_71"", ""JO7""]",332.1,199.26,none,,"[""MAD""]"
M0452,Jizan Fuel Station,محطة وقود جازان,transport,True,"[""JFS"", ""JIZAN FUEL STATION"", ""JIZANFUELSTATION"", ""JIZAN_FUEL_STATION""]",175.78,79.1,none,,"[""DMM"", ""JED"", ""KHOBAR"", ""MAK"", ""RYD""]"
M0453,Khobar Fuel Station,محطة وقود الخبر,transport,False,"[""KFS"", ""KHOBAR FUEL STATION"", ""KHOBARFUELSTATION"", ""KHOBAR_FUEL_STATION""]",60.2,27.09,none,,"[""MAK"", ""QASSIM"", ""TABUK""]"
M0454,Tabuk Outlet,آوتلت تبوك,shopping,True,"[""SP*TABUKOUT"", ""TABUK OUTLET"", ""TABUKOUTLET"", ""TABUK_OUTLET"", ""TO""]",115.48,69.29,none,,"[""DMM"", ""JED"", ""KHOBAR"", ""MAD"", ""MAK"", ""RYD""]"
M0455,Tif Service Center,مركز خدمة الطائف,government,True,"[""TIF SERVICE CENTER"", ""TIFSERVICECENTER"", ""TIF_SERVICE_CENTER"", ""TSC""]",193.91,116.35,none,,"[""KHOBAR"", ""MAD"", ""RYD""]"
M0456,Tabuk Game Zone 20,صالة ألعاب تبوك 20,entertainment,True,"[""TABUK GAME ZONE 20"", ""TABUKGAMEZONE20"", ""TABUK_GAME_ZONE_20"", ""TGZ2""]",71.52,21.46,none,,"[""DMM"", ""JED"", ""MAD"", ""RYD""]"
M0457,Jed Institute 24,معهد جدة 24,education,True,"[""JED INSTITUTE 24"", ""JEDINSTITUTE24"", ""JED_INSTITUTE_24"", ""JI2"", ""SP*JEDINSTI""]",430.48,215.24,none,,"[""DMM"", ""JED"", ""KHOBAR"", ""MAD"", ""MAK"", ""RYD""]"
M0458,Jed Mall,مول جدة,shopping,True,"[""JED MALL"", ""JEDMALL"", ""JED_MALL"", ""JM""]",686.03,411.62,none,,"[""JIZAN"", ""NJRAN""]"
M0459,Dmm Training Center,مركز تدريب الدمام,education,False,"[""DMM TRAINING CENTER"", ""DMMTRAININGCENTER"", ""DMM_TRAINING_CENTER"", ""DTC"", ""SP*DMMTRAIN""]",1866.66,933.33,none,,"[""HAIL"", ""TABUK""]"
M0460,Dr. Cafe,دكتور كافيه,food,True,"[""DC"", ""DR. CAFE"", ""DR._CAFE"", ""DRCAFE""]",34.8,13.92,none,,"[""HAIL""]"
M0461,flyadeal,طيران أديل,travel,True,"[""FLYADEAL"", ""SP*FLYADEAL""]",748.6,374.3,none,,"[""DMM"", ""KHOBAR"", ""MAD"", ""MAK"", ""RYD""]"
M0462,Jed Taxi Service,تاكسي جدة,transport,True,"[""JED TAXI SERVICE"", ""JEDTAXISERVICE"", ""JED_TAXI_SERVICE"", ""JTS""]",79.75,35.89,none,,"[""DMM"", ""JED"", ""KHOBAR"", ""MAD"", ""MAK"", ""RYD""]"
M0463,Molano,مولانو,food,False,"[""MOLANO""]",71.21,28.48,none,HUNGERSTATION,"[""TIF""]"
M0464,Seera Group,مجموعة سيرا,travel,True,"[""SEERA GROUP"", ""SEERAGROUP"", ""SEERA_GROUP"", ""SG""]",1340.44,670.22,none,,"[""ABHA"", ""NJRAN"", ""TIF""]"
M0465,Uber,أوبر,transport,True,"[""UBER"", ""UBER*TRIP""]",111.21,50.04,none,,"[""DMM"", ""MAD""]"
M0466,Hail Travel Agency 16,وكالة سفريات حائل 16,travel,True,"[""HAIL TRAVEL AGENCY 16"", ""HAILTRAVELAGENCY16"", ""HAIL_TRAVEL_AGENCY_16"", ""HTA1""]",2116.03,1058.02,none,,"[""TIF""]"
M0467,STC TV,إس تي سي تي في,entertainment,False,"[""ST"", ""STC TV"", ""STCTV"", ""STC_TV""]",40.85,12.26,monthly,,"[""HAIL"", ""KHOBAR"", ""TIF""]"
M0468,Enjaz Station,محطة إنجاز,transport,True,"[""ENJAZ STATION"", ""ENJAZSTATION"", ""ENJAZ_STATION"", ""ES"", ""SP*ENJAZSTA""]",151.47,68.16,none,,"[""HAIL""]"
M0469,Mak Club,نادي مكة,entertainment,True,"[""MAK CLUB"", ""MAKCLUB"", ""MAK_CLUB"", ""MC""]",69.25,20.77,none,,"[""DMM"", ""JED"", ""KHOBAR"", ""MAD""]"
M0470,Extra,اكسترا,shopping,True,"[""EXTRA"", ""EXTRA STORES""]",551.9,331.14,none,,"[""JED"", ""KHOBAR"", ""MAD"", ""MAK"", ""RYD""]"
M0471,flynas,طيران ناس,travel,True,"[""FLYNAS""]",450,200,none,,"[""QASSIM""]"
M0472,Ryd Foundation,مؤسسة الرياض,charity,True,"[""RF"", ""RYD FOUNDATION"", ""RYDFOUNDATION"", ""RYD_FOUNDATION""]",103.55,62.13,none,,"[""DMM"", ""HAIL"", ""MAD""]"
M0473,Mad Parking,موقف سيارات المدينة,transport,False,"[""MAD PARKING"", ""MADPARKING"", ""MAD_PARKING"", ""MP""]",148.53,66.84,none,,"[""NJRAN""]"
M0474,Caribou Coffee,كاريبو كوفي,food,True,"[""CARIBOU COFFEE"", ""CARIBOUCOFFEE"", ""CARIBOU_COFFEE"", ""CC""]",23.03,9.21,none,,"[""HAIL"", ""KHOBAR"", ""MAK""]"
M0475,Bin Dawood,بن داود,groceries,True,"[""BD"", ""BIN DAWOOD"", ""BINDAWOOD"", ""BIN_DAWOOD""]",263.37,131.69,none,,"[""DMM"", ""JED"", ""KHOBAR"", ""MAD"", ""MAK"", ""RYD""]"
M0476,Mak Foundation,مؤسسة مكة,charity,True,"[""MAK FOUNDATION"", ""MAKFOUNDATION"", ""MAK_FOUNDATION"", ""MF""]",364.14,218.48,none,,"[""DMM"", ""JED"", ""MAD"", ""RYD""]"
M0477,Njran Mall 52,مول نجران 52,shopping,True,"[""NJRAN MALL 52"", ""NJRANMALL52"", ""NJRAN_MALL_52"", ""NM5"", ""SP*NJRANMAL""]",334.97,200.98,none,,"[""DMM"", ""JED"", ""KHOBAR"", ""MAD"", ""MAK""]"
M0478,Dmm Mart 43,تموينات الدمام 43,groceries,False,"[""DM4"", ""DMM MART 43"", ""DMMMART43"", ""DMM_MART_43""]",125.39,62.7,none,,"[""JED"", ""MAD"", ""YANBU""]"
M0479,Mak Diner,مطعم شعبي مكة,food,False,"[""MAK DINER"", ""MAKDINER"", ""MAK_DINER"", ""MD""]",20.73,8.29,none,,"[""NJRAN""]"
M0480,Mad Kitchen,مطبخ المدينة,food,False,"[""MAD KITCHEN"", ""MADKITCHEN"", ""MAD_KITCHEN"", ""MK""]",86.18,34.47,none,HUNGERSTATION,"[""HAIL"", ""RYD"", ""TABUK""]"
M0481,Mad Boutique 25,بوتيك المدينة 25,shopping,True,"[""MAD BOUTIQUE 25"", ""MADBOUTIQUE25"", ""MAD_BOUTIQUE_25"", ""MB2""]",150.47,90.28,none,,"[""DMM"", ""JED"", ""KHOBAR"", ""MAD"", ""MAK"", ""RYD""]"
M0482,Namshi,نمشي,shopping,True,"[""NAMSHI""]",570.81,342.49,none,,"[""TABUK""]"
M0483,Ryd Store,متجر الرياض,shopping,True,"[""RS"", ""RYD STORE"", ""RYDSTORE"", ""RYD_STORE""]",615.59,369.35,none,,"[""DMM"", ""KHOBAR"", ""RYD""]"
M0484,Jed Clinic,عيادة جدة,health,False,"[""JC"", ""JED CLINIC"", ""JEDCLINIC"", ""JED_CLINIC""]",292.54,146.27,none,,"[""RYD""]"
M0485,Qassim Fuel Station,محطة وقود القصيم,transport,True,"[""QASSIM FUEL STATION"", ""QASSIMFUELSTATION"", ""QASSIM_FUEL_STATION"", ""QFS""]",52.42,23.59,none,,"[""KHOBAR"", ""MAD"", ""MAK"", ""RYD""]"
M0486,Mad Utility Co,مرافق المدينة,bills,True,"[""MAD UTILITY CO"", ""MADUTILITYCO"", ""MAD_UTILITY_CO"", ""MUC""]",391.52,137.03,monthly,,"[""JED"", ""KHOBAR"", ""MAD"", ""MAK"", ""RYD""]"
M0487,Njran Gas Station 63,محطة بنزين نجران 63,transport,True,"[""NGS6"", ""NJRAN GAS STATION 63"", ""NJRANGASSTATION63"", ""NJRAN_GAS_STATION_63""]",203.27,91.47,none,,"[""MAK""]"
M0488,Marafiq,مرافق,bills,True,"[""MARAFIQ"", ""SP*MARAFIQ""]",319.14,111.7,monthly,,"[""DMM"", ""JED"", ""KHOBAR"", ""MAD"", ""MAK"", ""RYD""]"
M0489,Hail Store,محل بقالة حائل,groceries,False,"[""HAIL STORE"", ""HAILSTORE"", ""HAIL_STORE"", ""HS""]",167.88,83.94,none,,"[""DMM"", ""KHOBAR"", ""QASSIM""]"
M0490,Hail Cinema 63,سينما حائل 63,entertainment,True,"[""HAIL CINEMA 63"", ""HAILCINEMA63"", ""HAIL_CINEMA_63"", ""HC6""]",89.24,26.77,none,,"[""HAIL"", ""JIZAN""]"
M0491,Yanbu Boutique,بوتيك ينبع,shopping,False,"[""YANBU BOUTIQUE"", ""YANBUBOUTIQUE"", ""YANBU_BOUTIQUE"", ""YB""]",323.93,194.36,none,,"[""JED""]"
M0492,Jizan Outlet 46,آوتلت جازان 46,shopping,False,"[""JIZAN OUTLET 46"", ""JIZANOUTLET46"", ""JIZAN_OUTLET_46"", ""JO4"", ""SP*JIZANOUT""]",261.28,156.77,none,,"[""HAIL"", ""JED""]"
M0493,Absher,أبشر,government,True,"[""ABSHER"", ""MOI-ABSHER""]",60,40,none,,"[""DMM"", ""JED"", ""KHOBAR"", ""MAD"", ""RYD""]"
M0494,Khobar Pharmacy,صيدلية الخبر,health,False,"[""KHOBAR PHARMACY"", ""KHOBARPHARMACY"", ""KHOBAR_PHARMACY"", ""KP""]",145.49,72.75,none,,"[""RYD""]"
M0495,Khobar Grill 81,مشوي الخبر 81,food,True,"[""KG8"", ""KHOBAR GRILL 81"", ""KHOBARGRILL81"", ""KHOBAR_GRILL_81""]",66.72,26.69,none,,"[""DMM"", ""JED"", ""KHOBAR"", ""MAD"", ""MAK"", ""RYD""]"
M0496,Abha Bistro,بيسترو أبها,food,True,"[""AB"", ""ABHA BISTRO"", ""ABHABISTRO"", ""ABHA_BISTRO""]",56.39,22.56,none,,"[""JED"", ""KHOBAR"", ""MAK"", ""RYD""]"
M0497,Mak Mall 38,مول مكة 38,shopping,True,"[""MAK MALL 38"", ""MAKMALL38"", ""MAK_MALL_38"", ""MM3""]",352.69,211.61,none,,"[""JED"", ""QASSIM"", ""TABUK""]"
M0498,Tif Medical Center 89,مركز طبي الطائف 89,health,True,"[""TIF MEDICAL CENTER 89"", ""TIFMEDICALCENTER89"", ""TIF_MEDICAL_CENTER_89"", ""TMC8""]",229.43,114.72,none,,"[""DMM"", ""JED"", ""KHOBAR"", ""MAD"", ""RYD""]"
M0499,Hail Bistro,بيسترو حائل,food,True,"[""HAIL BISTRO"", ""HAILBISTRO"", ""HAIL_BISTRO"", ""HB""]",77.75,31.1,none,,"[""DMM"", ""JIZAN"", ""MAK""]"
M0500,Hail Travel Agency,وكالة سفريات حائل,travel,False,"[""HAIL TRAVEL AGENCY"", ""HAILTRAVELAGENCY"", ""HAIL_TRAVEL_AGENCY"", ""HTA""]",974.94,487.47,none,,"[""TIF""]"
